-- phpMyAdmin SQL Dump
-- version 5.1.1
-- https://www.phpmyadmin.net/
--
-- Host: 127.0.0.1
-- Tempo de geração: 31-Out-2021 às 12:16
-- Versão do servidor: 10.4.21-MariaDB
-- versão do PHP: 8.0.11

SET SQL_MODE = "NO_AUTO_VALUE_ON_ZERO";
START TRANSACTION;
SET time_zone = "+00:00";


/*!40101 SET @OLD_CHARACTER_SET_CLIENT=@@CHARACTER_SET_CLIENT */;
/*!40101 SET @OLD_CHARACTER_SET_RESULTS=@@CHARACTER_SET_RESULTS */;
/*!40101 SET @OLD_COLLATION_CONNECTION=@@COLLATION_CONNECTION */;
/*!40101 SET NAMES utf8mb4 */;

--
-- Banco de dados: `barcantinas`
--

-- --------------------------------------------------------

--
-- Estrutura da tabela `avaliacao`
--

CREATE TABLE `avaliacao` (
  `idavaliacao` int(11) NOT NULL,
  `nota` int(11) NOT NULL,
  `comentario` varchar(60) DEFAULT NULL,
  `cod_cliente` int(11) DEFAULT NULL,
  `idespacoAlimentar` int(11) NOT NULL
) ENGINE=InnoDB DEFAULT CHARSET=utf8;

--
-- Extraindo dados da tabela `avaliacao`
--

INSERT INTO `avaliacao` (`idavaliacao`, `nota`, `comentario`, `cod_cliente`, `idespacoAlimentar`) VALUES
(1, 2, 'Cloned 5th generation solution', 39, 5),
(2, 3, 'User-centric tertiary initiative', 31, 3),
(3, 8, 'Optimized optimizing extranet', 38, 5),
(4, 5, 'Synergistic next generation encryption', 8, 2),
(5, 4, 'Streamlined high-level help-desk', 14, 1),
(6, 6, 'Triple-buffered incremental encryption', 25, 1),
(7, 5, 'Versatile bandwidth-monitored system engine', 31, 1),
(8, 3, 'Pre-emptive bifurcated approach', 26, 1),
(9, 2, 'Stand-alone actuating success', 38, 5),
(10, 3, 'Right-sized coherent initiative', 96, 3),
(11, 1, 'Enhanced bottom-line model', 69, 1),
(12, 10, 'Right-sized 3rd generation concept', 58, 4),
(13, 2, 'Ameliorated mobile Graphic Interface', 63, 5),
(14, 1, 'Self-enabling multi-state migration', 69, 5),
(15, 3, 'Exclusive demand-driven toolset', 51, 1),
(16, 5, 'Organized background instruction set', 21, 3),
(17, 3, 'Monitored 24/7 encryption', 39, 3),
(18, 7, 'Multi-lateral bi-directional productivity', 36, 1),
(19, 1, 'Synergized zero administration alliance', 60, 3),
(20, 9, 'Vision-oriented dedicated matrix', 29, 3),
(21, 7, 'Operative static analyzer', 85, 3),
(22, 10, 'Expanded neutral adapter', 100, 4),
(23, 4, 'Customer-focused eco-centric artificial intelligence', 51, 4),
(24, 8, 'Ergonomic scalable firmware', 65, 3),
(25, 5, 'Advanced optimal adapter', 51, 4),
(26, 2, 'Re-contextualized analyzing software', 40, 2),
(27, 6, 'Cross-group regional archive', 72, 2),
(28, 2, 'Fully-configurable bottom-line portal', 60, 5),
(29, 9, 'Proactive didactic Graphical User Interface', 42, 4),
(30, 7, 'Synergistic system-worthy data-warehouse', 4, 5),
(31, 8, 'Cross-group national solution', 43, 4),
(32, 4, 'Decentralized needs-based info-mediaries', 29, 4),
(33, 3, 'Advanced mobile info-mediaries', 58, 2),
(34, 2, 'Intuitive empowering parallelism', 0, 3),
(35, 2, 'Multi-channelled directional conglomeration', 42, 3),
(36, 7, 'Phased zero defect core', 35, 1),
(37, 5, 'Optimized local algorithm', 30, 3),
(38, 9, 'Grass-roots actuating process improvement', 7, 2),
(39, 4, 'Polarised mobile methodology', 31, 5),
(40, 10, 'Reactive real-time task-force', 93, 1),
(41, 8, 'Self-enabling leading edge initiative', 2, 2),
(42, 9, 'Devolved well-modulated paradigm', 5, 1),
(43, 2, 'Automated responsive ability', 87, 1),
(44, 6, 'Business-focused motivating website', 6, 5),
(45, 1, 'Reduced dynamic forecast', 27, 2),
(46, 3, 'Right-sized directional forecast', 52, 3),
(47, 1, 'Down-sized maximized functionalities', 83, 5),
(48, 1, 'Upgradable client-server extranet', 74, 4),
(49, 3, 'Reduced asynchronous solution', 81, 2),
(50, 6, 'Secured uniform support', 20, 5),
(51, 1, 'Proactive systemic paradigm', 38, 1),
(52, 7, 'Profit-focused zero administration budgetary management', 67, 3),
(53, 3, 'User-friendly full-range framework', 57, 4),
(54, 3, 'Exclusive 5th generation process improvement', 91, 1),
(55, 3, 'Extended disintermediate middleware', 9, 3),
(56, 10, 'Cross-platform neutral capacity', 34, 5),
(57, 8, 'Intuitive homogeneous paradigm', 15, 5),
(58, 10, 'Future-proofed secondary neural-net', 1, 2),
(59, 5, 'Multi-tiered directional hierarchy', 33, 2),
(60, 5, 'Pre-emptive static attitude', 11, 1),
(61, 10, 'Profit-focused intangible structure', 54, 1),
(62, 4, 'Vision-oriented heuristic service-desk', 23, 3),
(63, 5, 'Networked bifurcated data-warehouse', 80, 5),
(64, 8, 'Implemented cohesive solution', 90, 4),
(65, 8, 'Mandatory client-server time-frame', 61, 5),
(66, 8, 'Exclusive multi-state model', 74, 3),
(67, 2, 'De-engineered object-oriented support', 2, 2),
(68, 4, 'Polarised next generation project', 75, 5),
(69, 8, 'Robust heuristic projection', 100, 1),
(70, 7, 'Intuitive incremental protocol', 43, 2),
(71, 2, 'Reduced stable approach', 12, 4),
(72, 5, 'Business-focused directional analyzer', 67, 2),
(73, 6, 'Centralized solution-oriented circuit', 73, 4),
(74, 7, 'Progressive methodical flexibility', 76, 4),
(75, 7, 'Phased foreground structure', 71, 4),
(76, 9, 'Quality-focused uniform secured line', 86, 4),
(77, 6, 'Multi-lateral impactful support', 84, 5),
(78, 7, 'Streamlined grid-enabled array', 1, 3),
(79, 5, 'Pre-emptive non-volatile project', 35, 5),
(80, 1, 'Re-engineered systematic approach', 9, 4),
(81, 6, 'Ergonomic demand-driven database', 90, 1),
(82, 8, 'De-engineered system-worthy superstructure', 96, 4),
(83, 3, 'Enhanced fault-tolerant system engine', 32, 1),
(84, 1, 'Up-sized value-added challenge', 21, 3),
(85, 10, 'Progressive discrete collaboration', 100, 2),
(86, 8, 'Fully-configurable needs-based productivity', 79, 2),
(87, 7, 'Networked user-facing moratorium', 16, 2),
(88, 8, 'Total client-driven intranet', 25, 3),
(89, 4, 'Enhanced demand-driven project', 55, 2),
(90, 7, 'Public-key intangible definition', 21, 2),
(91, 9, 'Versatile modular projection', 16, 2),
(92, 1, 'Grass-roots composite complexity', 82, 2),
(93, 8, 'Multi-layered zero defect contingency', 98, 3),
(94, 1, 'Sharable demand-driven alliance', 53, 3),
(95, 5, 'Cloned multimedia toolset', 59, 3),
(96, 6, 'Multi-layered impactful synergy', 44, 5),
(97, 5, 'Self-enabling 4th generation system engine', 3, 4),
(98, 5, 'Seamless directional firmware', 79, 4),
(99, 6, 'Profit-focused upward-trending moratorium', 87, 1),
(100, 10, 'Front-line human-resource website', 8, 5),
(101, 8, 'Vision-oriented needs-based challenge', 37, 3),
(102, 6, 'Customizable mobile circuit', 64, 4),
(103, 10, 'Business-focused needs-based productivity', 98, 5),
(104, 3, 'Compatible interactive methodology', 63, 1),
(105, 10, 'Quality-focused interactive attitude', 20, 1),
(106, 10, 'Devolved optimizing system engine', 92, 5),
(107, 9, 'Horizontal foreground core', 76, 3),
(108, 10, 'Cross-group global interface', 24, 5),
(109, 10, 'Multi-tiered attitude-oriented functionalities', 37, 2),
(110, 9, 'Open-source optimizing matrices', 18, 1),
(111, 8, 'Programmable zero tolerance success', 20, 3),
(112, 5, 'Phased needs-based frame', 10, 1),
(113, 8, 'Optimized encompassing customer loyalty', 84, 4),
(114, 5, 'Operative hybrid solution', 20, 2),
(115, 1, 'Reactive reciprocal local area network', 95, 5),
(116, 8, 'Devolved actuating intranet', 58, 3),
(117, 9, 'Multi-channelled mission-critical function', 2, 5),
(118, 1, 'Synchronised full-range initiative', 52, 4),
(119, 5, 'Enhanced client-server hub', 91, 2),
(120, 7, 'Persistent bifurcated protocol', 46, 5),
(121, 5, 'Function-based radical system engine', 89, 4),
(122, 3, 'Centralized optimizing product', 12, 5),
(123, 10, 'Synergistic zero tolerance frame', 78, 1),
(124, 7, 'Enhanced interactive circuit', 21, 2),
(125, 6, 'Persevering 4th generation budgetary management', 16, 1),
(126, 3, 'Synergized user-facing Graphic Interface', 65, 4),
(127, 10, 'Sharable content-based focus group', 0, 3),
(128, 3, 'Upgradable foreground paradigm', 48, 5),
(129, 6, 'Up-sized zero defect product', 54, 5),
(130, 7, 'Customizable optimizing interface', 48, 4),
(131, 4, 'Distributed zero defect strategy', 83, 3),
(132, 3, 'Exclusive context-sensitive array', 26, 3),
(133, 8, 'Expanded neutral approach', 15, 3),
(134, 10, 'Realigned well-modulated success', 73, 5),
(135, 6, 'Ergonomic attitude-oriented knowledge base', 65, 4),
(136, 7, 'Streamlined global knowledge user', 50, 2),
(137, 7, 'Right-sized system-worthy local area network', 50, 4),
(138, 8, 'Customizable 24 hour migration', 30, 1),
(139, 4, 'Organic tertiary benchmark', 56, 4),
(140, 5, 'Open-architected national orchestration', 89, 3),
(141, 3, 'Extended 5th generation methodology', 41, 3),
(142, 7, 'Profound homogeneous ability', 35, 3),
(143, 8, 'Expanded modular concept', 21, 5),
(144, 8, 'Configurable incremental analyzer', 21, 2),
(145, 4, 'Function-based human-resource artificial intelligence', 71, 1),
(146, 9, 'Front-line exuding Graphic Interface', 54, 2),
(147, 5, 'Multi-layered hybrid matrices', 35, 5),
(148, 6, 'Monitored eco-centric initiative', 52, 5),
(149, 9, 'Total interactive monitoring', 19, 5),
(150, 4, 'Configurable optimal Graphical User Interface', 42, 4),
(151, 8, 'Centralized fresh-thinking moderator', 8, 1),
(152, 4, 'Reduced well-modulated core', 65, 5),
(153, 6, 'Cloned clear-thinking open system', 90, 2),
(154, 2, 'Team-oriented intermediate array', 52, 5),
(155, 1, 'Self-enabling regional conglomeration', 16, 3),
(156, 8, 'Face to face dynamic installation', 63, 5),
(157, 5, 'Monitored discrete local area network', 10, 4),
(158, 1, 'Expanded motivating instruction set', 27, 2),
(159, 5, 'Optimized coherent success', 28, 2),
(160, 8, 'Extended non-volatile application', 20, 4),
(161, 6, 'Fundamental static ability', 47, 2),
(162, 9, 'Vision-oriented multi-state synergy', 98, 3),
(163, 7, 'Object-based full-range matrix', 16, 4),
(164, 8, 'Profound system-worthy capacity', 26, 1),
(165, 5, 'Organic hybrid analyzer', 70, 2),
(166, 7, 'Switchable maximized moratorium', 13, 4),
(167, 1, 'Innovative tangible Graphic Interface', 10, 5),
(168, 5, 'Robust object-oriented conglomeration', 31, 2),
(169, 2, 'Synergistic background function', 89, 2),
(170, 5, 'Realigned fresh-thinking access', 65, 4),
(171, 8, 'Extended exuding matrix', 4, 4),
(172, 9, 'Reactive even-keeled migration', 26, 3),
(173, 4, 'Organic web-enabled neural-net', 75, 3),
(174, 7, 'Inverse secondary protocol', 6, 4),
(175, 1, 'Programmable holistic instruction set', 28, 4),
(176, 6, 'Persevering clear-thinking system engine', 85, 3),
(177, 9, 'Universal static core', 46, 1),
(178, 1, 'Right-sized mission-critical emulation', 75, 2),
(179, 7, 'Upgradable responsive neural-net', 61, 3),
(180, 10, 'Front-line client-driven monitoring', 55, 5),
(181, 7, 'Secured incremental projection', 88, 4),
(182, 6, 'Persistent disintermediate software', 66, 1),
(183, 7, 'Advanced regional support', 28, 2),
(184, 8, 'Up-sized fresh-thinking encoding', 17, 2),
(185, 2, 'Universal disintermediate secured line', 2, 4),
(186, 4, 'Persevering multimedia definition', 42, 3),
(187, 2, 'Universal content-based analyzer', 59, 2),
(188, 7, 'Multi-tiered object-oriented process improvement', 66, 3),
(189, 9, 'Balanced mobile orchestration', 98, 5),
(190, 3, 'Profound needs-based benchmark', 95, 1),
(191, 7, 'Team-oriented scalable policy', 86, 3),
(192, 9, 'Programmable 24/7 adapter', 18, 4),
(193, 2, 'Future-proofed actuating functionalities', 48, 4),
(194, 10, 'Pre-emptive bandwidth-monitored adapter', 92, 4),
(195, 10, 'Synergistic reciprocal strategy', 59, 3),
(196, 10, 'Optional solution-oriented knowledge base', 57, 2),
(197, 3, 'Optimized interactive matrices', 46, 1),
(198, 2, 'Synergized modular methodology', 46, 3),
(199, 4, 'Switchable high-level artificial intelligence', 80, 3),
(200, 6, 'Grass-roots object-oriented artificial intelligence', 53, 5),
(201, 4, 'Re-contextualized multi-state challenge', 34, 5),
(202, 4, 'Grass-roots multi-tasking policy', 62, 3),
(203, 1, 'Visionary exuding superstructure', 19, 3),
(204, 10, 'Optimized multimedia focus group', 47, 5),
(205, 8, 'Operative methodical toolset', 86, 3),
(206, 2, 'Reverse-engineered responsive utilisation', 86, 3),
(207, 6, 'Cross-platform upward-trending Graphic Interface', 50, 5),
(208, 3, 'Robust eco-centric alliance', 9, 3),
(209, 1, 'Customizable asymmetric extranet', 50, 4),
(210, 3, 'Sharable background neural-net', 86, 5),
(211, 7, 'Managed client-driven info-mediaries', 30, 2),
(212, 5, 'Robust asynchronous project', 2, 5),
(213, 7, 'Open-architected bi-directional model', 91, 3),
(214, 1, 'Object-based intangible project', 64, 3),
(215, 8, 'Networked executive secured line', 69, 1),
(216, 9, 'Exclusive optimizing contingency', 68, 2),
(217, 6, 'Pre-emptive web-enabled moratorium', 14, 4),
(218, 10, 'Cross-platform systemic workforce', 0, 2),
(219, 7, 'Automated exuding projection', 62, 5),
(220, 8, 'Innovative hybrid paradigm', 10, 2),
(221, 1, 'Innovative coherent protocol', 97, 1),
(222, 4, 'Grass-roots clear-thinking hardware', 82, 2),
(223, 2, 'Ameliorated national secured line', 83, 2),
(224, 10, 'Synergized exuding project', 9, 2),
(225, 7, 'Organic grid-enabled hierarchy', 31, 4),
(226, 9, 'Fully-configurable cohesive concept', 70, 5),
(227, 1, 'Quality-focused intangible application', 92, 1),
(228, 4, 'Quality-focused leading edge core', 46, 1),
(229, 6, 'Vision-oriented zero defect monitoring', 49, 2),
(230, 5, 'Re-contextualized radical approach', 19, 3),
(231, 8, 'Horizontal responsive database', 7, 1),
(232, 10, 'Multi-channelled 4th generation capability', 73, 3),
(233, 2, 'Total clear-thinking artificial intelligence', 11, 3),
(234, 10, 'Object-based responsive parallelism', 9, 5),
(235, 9, 'Phased client-server synergy', 72, 1),
(236, 1, 'Adaptive national utilisation', 18, 1),
(237, 10, 'Fundamental dedicated system engine', 33, 3),
(238, 5, 'Pre-emptive actuating service-desk', 86, 2),
(239, 1, 'Organic responsive time-frame', 31, 2),
(240, 2, 'Implemented directional task-force', 0, 4),
(241, 7, 'User-friendly 4th generation process improvement', 97, 4),
(242, 3, 'Front-line maximized collaboration', 69, 1),
(243, 8, 'Proactive well-modulated alliance', 75, 4),
(244, 9, 'Polarised 5th generation moderator', 57, 3),
(245, 5, 'Progressive zero administration definition', 2, 3),
(246, 4, 'Upgradable 5th generation hardware', 93, 1),
(247, 10, 'Profound zero administration methodology', 60, 2),
(248, 7, 'Optimized empowering success', 53, 2),
(249, 4, 'Future-proofed background interface', 25, 3),
(250, 5, 'Self-enabling neutral access', 97, 1),
(251, 3, 'Re-contextualized clear-thinking moratorium', 4, 2),
(252, 1, 'Multi-tiered next generation function', 66, 1),
(253, 3, 'Triple-buffered 5th generation matrix', 30, 3),
(254, 10, 'Business-focused grid-enabled migration', 1, 5),
(255, 10, 'Intuitive radical parallelism', 0, 5),
(256, 6, 'Intuitive zero defect software', 30, 4),
(257, 1, 'Cloned neutral functionalities', 16, 5),
(258, 7, 'Optimized transitional budgetary management', 90, 1),
(259, 2, 'Advanced bottom-line neural-net', 87, 3),
(260, 3, 'Synchronised zero tolerance artificial intelligence', 82, 5),
(261, 2, 'Business-focused executive orchestration', 16, 4),
(262, 4, 'Multi-tiered uniform toolset', 36, 2),
(263, 4, 'Seamless hybrid database', 66, 3),
(264, 2, 'Upgradable bifurcated analyzer', 68, 2),
(265, 2, 'Fully-configurable high-level focus group', 15, 5),
(266, 3, 'Integrated 5th generation superstructure', 63, 5),
(267, 10, 'Reduced cohesive knowledge base', 38, 1),
(268, 1, 'Quality-focused modular definition', 57, 1),
(269, 6, 'Implemented asymmetric structure', 98, 5),
(270, 10, 'Focused global initiative', 65, 3),
(271, 5, 'Quality-focused zero tolerance local area network', 99, 4),
(272, 2, 'Organized optimizing productivity', 37, 3),
(273, 5, 'Managed radical Graphic Interface', 91, 2),
(274, 9, 'Stand-alone directional neural-net', 83, 5),
(275, 9, 'Persistent zero tolerance process improvement', 46, 5),
(276, 3, 'Up-sized next generation access', 26, 3),
(277, 7, 'Up-sized bandwidth-monitored knowledge base', 51, 2),
(278, 1, 'Up-sized composite secured line', 83, 3),
(279, 7, 'Quality-focused bandwidth-monitored architecture', 41, 5),
(280, 3, 'Stand-alone 24 hour hardware', 4, 1),
(281, 9, 'Synchronised 3rd generation model', 74, 3),
(282, 3, 'Exclusive coherent policy', 54, 5),
(283, 2, 'Realigned explicit benchmark', 23, 2),
(284, 1, 'Compatible cohesive flexibility', 4, 1),
(285, 6, 'Digitized asymmetric open system', 81, 2),
(286, 5, 'Re-contextualized real-time definition', 39, 1),
(287, 6, 'Innovative cohesive budgetary management', 95, 3),
(288, 10, 'Open-architected full-range installation', 68, 4),
(289, 10, 'Pre-emptive responsive architecture', 43, 1),
(290, 6, 'Distributed incremental benchmark', 75, 5),
(291, 6, 'Automated incremental standardization', 37, 5),
(292, 9, 'Enhanced object-oriented circuit', 63, 2),
(293, 3, 'Down-sized optimal core', 79, 4),
(294, 3, 'Down-sized stable circuit', 27, 5),
(295, 4, 'Diverse 6th generation focus group', 11, 4),
(296, 1, 'Open-source 24/7 forecast', 19, 5),
(297, 6, 'Programmable secondary info-mediaries', 74, 4),
(298, 2, 'Distributed radical instruction set', 76, 4),
(299, 1, 'Optimized disintermediate strategy', 54, 2),
(300, 1, 'Customizable contextually-based website', 95, 1),
(301, 7, 'Object-based modular hierarchy', 100, 2),
(302, 5, 'Right-sized 5th generation adapter', 8, 4),
(303, 9, 'Re-engineered solution-oriented contingency', 54, 5),
(304, 10, 'Visionary bandwidth-monitored forecast', 65, 2),
(305, 4, 'Front-line responsive interface', 64, 3),
(306, 3, 'Profound attitude-oriented toolset', 10, 4),
(307, 7, 'Open-architected responsive circuit', 80, 3),
(308, 6, 'Phased mobile open architecture', 20, 2),
(309, 1, 'Open-architected encompassing software', 10, 5),
(310, 7, 'Advanced 6th generation hierarchy', 45, 2),
(311, 2, 'Profound local productivity', 40, 1),
(312, 7, 'Object-based fresh-thinking Graphic Interface', 89, 2),
(313, 2, 'Ergonomic bifurcated alliance', 31, 2),
(314, 5, 'User-centric optimal extranet', 6, 2),
(315, 9, 'Synergistic maximized pricing structure', 96, 3),
(316, 2, 'Cross-platform tangible solution', 97, 3),
(317, 1, 'Synchronised dedicated ability', 39, 5),
(318, 1, 'Devolved dynamic budgetary management', 0, 5),
(319, 9, 'Sharable even-keeled monitoring', 76, 1),
(320, 4, 'Monitored contextually-based support', 68, 2),
(321, 7, 'Organized value-added adapter', 31, 4),
(322, 10, 'Inverse bifurcated orchestration', 47, 3),
(323, 2, 'Reactive object-oriented hierarchy', 91, 1),
(324, 1, 'Fundamental radical collaboration', 66, 2),
(325, 8, 'Organic content-based parallelism', 57, 2),
(326, 7, 'Cloned systematic complexity', 60, 4),
(327, 7, 'Adaptive multi-state capacity', 16, 5),
(328, 9, 'Managed mission-critical concept', 72, 3),
(329, 7, 'Reverse-engineered scalable collaboration', 69, 1),
(330, 1, 'Cross-platform web-enabled concept', 72, 5),
(331, 2, 'Universal solution-oriented local area network', 60, 4),
(332, 7, 'Operative hybrid task-force', 80, 5),
(333, 2, 'Re-engineered solution-oriented emulation', 11, 5),
(334, 10, 'Progressive optimal matrices', 28, 3),
(335, 5, 'Programmable non-volatile installation', 29, 3),
(336, 6, 'Streamlined bifurcated database', 48, 5),
(337, 2, 'Proactive multimedia workforce', 100, 4),
(338, 4, 'Stand-alone 24/7 functionalities', 26, 5),
(339, 4, 'Reverse-engineered multimedia info-mediaries', 14, 1),
(340, 6, 'Polarised fresh-thinking intranet', 84, 4),
(341, 1, 'Digitized object-oriented migration', 61, 3),
(342, 6, 'Vision-oriented high-level software', 62, 4),
(343, 8, 'Inverse content-based core', 7, 1),
(344, 6, 'Reactive empowering core', 28, 3),
(345, 6, 'Robust contextually-based secured line', 69, 2),
(346, 3, 'Public-key next generation challenge', 25, 2),
(347, 4, 'Multi-layered multi-tasking paradigm', 33, 1),
(348, 9, 'Public-key global knowledge base', 92, 3),
(349, 6, 'Public-key zero administration superstructure', 86, 5),
(350, 2, 'Profound value-added methodology', 77, 3),
(351, 1, 'Centralized regional groupware', 9, 1),
(352, 2, 'Phased motivating info-mediaries', 49, 3),
(353, 7, 'Synergistic local throughput', 40, 3),
(354, 3, 'Intuitive client-driven ability', 13, 2),
(355, 5, 'Optimized attitude-oriented capacity', 24, 2),
(356, 7, 'Devolved didactic contingency', 45, 4),
(357, 7, 'Mandatory needs-based ability', 60, 2),
(358, 9, 'Adaptive optimizing frame', 23, 2),
(359, 2, 'Inverse eco-centric framework', 50, 2),
(360, 10, 'Compatible bottom-line pricing structure', 37, 3),
(361, 7, 'Upgradable heuristic middleware', 4, 3),
(362, 8, 'Inverse content-based standardization', 86, 4),
(363, 1, 'Cloned 6th generation hardware', 84, 5),
(364, 7, 'Managed secondary benchmark', 11, 5),
(365, 10, 'Optimized composite system engine', 98, 1),
(366, 1, 'Secured holistic encryption', 87, 3),
(367, 1, 'Realigned methodical functionalities', 52, 4),
(368, 3, 'Compatible 6th generation help-desk', 12, 5),
(369, 1, 'Streamlined fresh-thinking Graphical User Interface', 68, 1),
(370, 4, 'Realigned transitional artificial intelligence', 1, 2),
(371, 7, 'Devolved high-level collaboration', 44, 1),
(372, 6, 'Profit-focused heuristic moderator', 15, 2),
(373, 9, 'Switchable tangible array', 49, 1),
(374, 4, 'Ameliorated homogeneous open architecture', 65, 2),
(375, 6, 'Programmable homogeneous hub', 17, 4),
(376, 5, 'Grass-roots logistical protocol', 1, 5),
(377, 8, 'Operative transitional budgetary management', 42, 1),
(378, 1, 'Progressive user-facing data-warehouse', 50, 1),
(379, 3, 'Monitored neutral function', 56, 1),
(380, 7, 'Balanced scalable product', 48, 5),
(381, 9, 'Cross-platform transitional framework', 16, 4),
(382, 9, 'Face to face well-modulated installation', 56, 4),
(383, 1, 'Switchable human-resource architecture', 36, 5),
(384, 1, 'Organized background projection', 32, 5),
(385, 2, 'Optional client-driven Graphic Interface', 97, 5),
(386, 6, 'Monitored national middleware', 80, 4),
(387, 7, 'Enterprise-wide solution-oriented portal', 63, 3),
(388, 7, 'Switchable full-range interface', 81, 2),
(389, 9, 'Ameliorated asymmetric framework', 52, 4),
(390, 7, 'Object-based content-based infrastructure', 82, 1),
(391, 5, 'Digitized interactive migration', 24, 5),
(392, 9, 'Networked full-range time-frame', 8, 2),
(393, 5, 'Programmable zero tolerance access', 24, 1),
(394, 6, 'Right-sized heuristic groupware', 27, 1),
(395, 9, 'Intuitive zero defect utilisation', 4, 1),
(396, 1, 'Operative composite projection', 1, 5),
(397, 1, 'Implemented secondary pricing structure', 91, 2),
(398, 2, 'Distributed bottom-line encoding', 28, 1),
(399, 4, 'Cloned asymmetric architecture', 40, 2),
(400, 1, 'Secured fault-tolerant alliance', 75, 5),
(401, 3, 'Phased even-keeled hub', 75, 2),
(402, 1, 'Team-oriented methodical moratorium', 90, 4),
(403, 1, 'Cloned local neural-net', 0, 4),
(404, 8, 'Right-sized actuating hierarchy', 56, 2),
(405, 9, 'Seamless bottom-line capability', 53, 2),
(406, 1, 'Advanced impactful infrastructure', 91, 1),
(407, 9, 'Synchronised maximized attitude', 41, 3),
(408, 5, 'Monitored human-resource monitoring', 100, 4),
(409, 8, 'Versatile bottom-line extranet', 63, 5),
(410, 3, 'Front-line fresh-thinking project', 47, 2),
(411, 7, 'Automated 6th generation internet solution', 77, 1),
(412, 3, 'Enhanced system-worthy instruction set', 5, 2),
(413, 8, 'Organized composite hierarchy', 41, 4),
(414, 9, 'Triple-buffered global benchmark', 28, 2),
(415, 9, 'Reactive scalable policy', 39, 2),
(416, 1, 'Programmable even-keeled pricing structure', 90, 2),
(417, 10, 'Balanced regional customer loyalty', 89, 2),
(418, 1, 'Reduced demand-driven moratorium', 47, 5),
(419, 2, 'Universal mobile strategy', 7, 4),
(420, 10, 'Triple-buffered contextually-based moderator', 85, 5),
(421, 3, 'Proactive hybrid help-desk', 49, 1),
(422, 9, 'Automated methodical matrix', 59, 5),
(423, 4, 'Self-enabling static system engine', 34, 5),
(424, 1, 'Self-enabling zero administration methodology', 46, 1),
(425, 6, 'Pre-emptive explicit paradigm', 98, 1),
(426, 6, 'Ergonomic value-added archive', 78, 3),
(427, 1, 'Automated disintermediate flexibility', 2, 1),
(428, 1, 'Implemented discrete encoding', 56, 1),
(429, 2, 'Enhanced non-volatile circuit', 32, 5),
(430, 2, 'Multi-layered context-sensitive projection', 95, 1),
(431, 1, 'Customizable context-sensitive analyzer', 14, 4),
(432, 6, 'Grass-roots foreground knowledge user', 45, 4),
(433, 10, 'Organic reciprocal methodology', 16, 1),
(434, 3, 'Innovative 4th generation database', 66, 5),
(435, 1, 'Synchronised scalable database', 24, 1),
(436, 6, 'Cross-group optimizing parallelism', 44, 2),
(437, 3, 'Business-focused directional solution', 30, 2),
(438, 2, 'Advanced 6th generation standardization', 72, 3),
(439, 1, 'Multi-tiered actuating productivity', 66, 2),
(440, 3, 'Cross-group static hardware', 10, 2),
(441, 4, 'Team-oriented zero tolerance orchestration', 51, 4),
(442, 8, 'Public-key radical interface', 26, 5),
(443, 2, 'Streamlined fresh-thinking flexibility', 90, 4),
(444, 10, 'Enterprise-wide radical policy', 96, 1),
(445, 3, 'Phased radical task-force', 85, 3),
(446, 7, 'Right-sized 24/7 software', 61, 1),
(447, 3, 'Synergized grid-enabled hardware', 19, 1),
(448, 8, 'Polarised grid-enabled capacity', 8, 4),
(449, 2, 'Versatile fault-tolerant Graphical User Interface', 68, 5),
(450, 4, 'Persistent discrete software', 13, 2),
(451, 2, 'User-friendly interactive access', 13, 4),
(452, 6, 'Configurable full-range matrices', 70, 5),
(453, 10, 'User-friendly reciprocal infrastructure', 23, 5),
(454, 2, 'Customizable bi-directional alliance', 43, 2),
(455, 5, 'Open-architected secondary groupware', 60, 4),
(456, 7, 'Vision-oriented user-facing archive', 83, 2),
(457, 3, 'Vision-oriented 6th generation knowledge base', 68, 4),
(458, 4, 'Right-sized executive flexibility', 87, 1),
(459, 1, 'Object-based full-range structure', 98, 3),
(460, 4, 'Innovative client-server migration', 83, 3),
(461, 6, 'Diverse analyzing pricing structure', 81, 5),
(462, 2, 'Mandatory zero administration intranet', 37, 3),
(463, 7, 'Vision-oriented zero tolerance support', 62, 3),
(464, 10, 'Diverse discrete benchmark', 4, 5),
(465, 10, 'Robust secondary projection', 1, 4),
(466, 4, 'Synergized uniform complexity', 90, 3),
(467, 8, 'Horizontal 4th generation throughput', 79, 3),
(468, 4, 'Self-enabling context-sensitive product', 100, 5),
(469, 4, 'Ergonomic regional open architecture', 13, 5),
(470, 5, 'Seamless coherent project', 83, 5),
(471, 1, 'Ergonomic logistical pricing structure', 9, 2),
(472, 8, 'Vision-oriented foreground approach', 23, 3),
(473, 6, 'Quality-focused directional system engine', 50, 3),
(474, 1, 'Multi-channelled methodical emulation', 14, 1),
(475, 10, 'Phased value-added portal', 82, 4),
(476, 10, 'Self-enabling asynchronous architecture', 24, 5),
(477, 7, 'Expanded zero tolerance concept', 36, 1),
(478, 4, 'Robust hybrid alliance', 82, 5),
(479, 10, 'Right-sized upward-trending policy', 67, 3),
(480, 6, 'Virtual encompassing approach', 48, 4),
(481, 10, 'Visionary discrete instruction set', 36, 5),
(482, 6, 'Synchronised neutral monitoring', 25, 4),
(483, 5, 'Customizable national success', 47, 1),
(484, 5, 'Future-proofed neutral secured line', 9, 4),
(485, 3, 'Future-proofed tangible forecast', 93, 3),
(486, 6, 'Reduced methodical open system', 44, 3),
(487, 1, 'Synchronised dynamic intranet', 19, 5),
(488, 4, 'Up-sized empowering emulation', 20, 2),
(489, 4, 'Realigned zero tolerance infrastructure', 54, 1),
(490, 1, 'Centralized mission-critical knowledge base', 13, 3),
(491, 3, 'Universal fresh-thinking installation', 18, 5),
(492, 3, 'Pre-emptive optimizing product', 28, 3),
(493, 1, 'Advanced eco-centric intranet', 30, 1),
(494, 8, 'Multi-lateral motivating matrices', 16, 2),
(495, 2, 'Quality-focused 24 hour knowledge base', 9, 3),
(496, 2, 'Configurable upward-trending support', 65, 5),
(497, 7, 'Quality-focused reciprocal budgetary management', 95, 5),
(498, 2, 'Fully-configurable contextually-based archive', 22, 1),
(499, 6, 'Pre-emptive 24/7 architecture', 75, 3),
(500, 7, 'Universal fault-tolerant core', 14, 1),
(501, 9, 'User-friendly incremental conglomeration', 13, 1),
(502, 1, 'Multi-layered neutral methodology', 88, 2),
(503, 7, 'Adaptive contextually-based forecast', 76, 5),
(504, 8, 'Virtual zero defect circuit', 47, 3),
(505, 6, 'Fundamental motivating Graphic Interface', 85, 2),
(506, 3, 'Down-sized background encoding', 5, 3),
(507, 1, 'Re-engineered even-keeled attitude', 53, 5),
(508, 2, 'Multi-tiered cohesive focus group', 45, 2),
(509, 6, 'Inverse systematic secured line', 6, 4),
(510, 3, 'Down-sized multi-tasking structure', 82, 2),
(511, 6, 'Polarised dedicated success', 63, 3),
(512, 7, 'Networked systematic open system', 4, 2),
(513, 10, 'Polarised clear-thinking data-warehouse', 69, 5),
(514, 5, 'User-centric 3rd generation methodology', 14, 4),
(515, 2, 'Multi-layered homogeneous algorithm', 92, 3),
(516, 9, 'Persevering user-facing complexity', 81, 1),
(517, 10, 'Intuitive optimal hub', 10, 2),
(518, 5, 'Down-sized explicit moratorium', 81, 5),
(519, 10, 'Synchronised object-oriented groupware', 49, 5),
(520, 2, 'Quality-focused local support', 74, 3),
(521, 8, 'Integrated logistical interface', 1, 2),
(522, 6, 'Multi-lateral clear-thinking data-warehouse', 37, 3),
(523, 3, 'Face to face transitional open system', 97, 5),
(524, 3, 'Reduced asynchronous success', 4, 2),
(525, 4, 'Universal intermediate neural-net', 87, 1),
(526, 5, 'Reactive impactful Graphical User Interface', 7, 4),
(527, 7, 'Re-contextualized intermediate process improvement', 51, 3),
(528, 2, 'Switchable incremental array', 8, 1),
(529, 5, 'Persistent multimedia capacity', 58, 2),
(530, 1, 'Fundamental local process improvement', 19, 5),
(531, 9, 'Total bifurcated synergy', 60, 5),
(532, 5, 'Switchable clear-thinking parallelism', 61, 5),
(533, 5, 'Open-source fault-tolerant service-desk', 72, 2),
(534, 2, 'Adaptive uniform implementation', 92, 2),
(535, 10, 'Synchronised systematic attitude', 20, 3),
(536, 6, 'Open-architected client-driven internet solution', 32, 5),
(537, 2, 'Synchronised fault-tolerant encryption', 15, 4),
(538, 9, 'Ameliorated client-server collaboration', 87, 3),
(539, 3, 'Business-focused hybrid orchestration', 86, 5),
(540, 2, 'Phased 24/7 interface', 99, 3),
(541, 6, 'Optimized web-enabled solution', 25, 2),
(542, 10, 'Ameliorated value-added local area network', 11, 2),
(543, 4, 'Robust next generation projection', 75, 5),
(544, 4, 'Synergized client-driven Graphic Interface', 9, 4),
(545, 7, 'Organic systemic capacity', 25, 1),
(546, 3, 'Inverse fresh-thinking extranet', 91, 1),
(547, 5, 'Stand-alone grid-enabled service-desk', 77, 1),
(548, 5, 'Configurable composite local area network', 89, 4),
(549, 6, 'Advanced national budgetary management', 66, 5),
(550, 4, 'Re-engineered mobile algorithm', 81, 5),
(551, 2, 'Cross-group mission-critical structure', 34, 2),
(552, 2, 'Pre-emptive stable monitoring', 16, 1),
(553, 7, 'Digitized even-keeled customer loyalty', 49, 5),
(554, 2, 'Pre-emptive interactive structure', 42, 4),
(555, 1, 'Seamless next generation ability', 62, 4),
(556, 1, 'Streamlined global monitoring', 56, 2),
(557, 3, 'Profit-focused 3rd generation interface', 85, 2),
(558, 8, 'Innovative secondary help-desk', 6, 1),
(559, 7, 'Optional stable encoding', 87, 5),
(560, 5, 'Fundamental 4th generation support', 98, 2),
(561, 6, 'Face to face optimizing interface', 26, 2),
(562, 9, 'Realigned foreground paradigm', 94, 2),
(563, 4, 'Expanded scalable core', 11, 1),
(564, 8, 'Adaptive interactive architecture', 3, 2),
(565, 8, 'Open-source incremental frame', 49, 5),
(566, 6, 'Programmable tangible model', 37, 5),
(567, 6, 'Automated well-modulated complexity', 74, 5),
(568, 10, 'Synergistic context-sensitive middleware', 31, 3),
(569, 10, 'Multi-channelled incremental methodology', 15, 3),
(570, 2, 'Streamlined radical hub', 94, 4),
(571, 4, 'Team-oriented user-facing initiative', 14, 2),
(572, 10, 'Future-proofed analyzing algorithm', 99, 1),
(573, 9, 'Enhanced zero defect support', 92, 5),
(574, 4, 'Extended cohesive infrastructure', 16, 3),
(575, 3, 'Ergonomic local customer loyalty', 41, 2),
(576, 5, 'Down-sized directional contingency', 74, 1),
(577, 10, 'Fully-configurable national leverage', 36, 3),
(578, 6, 'Progressive hybrid concept', 86, 3),
(579, 6, 'Persevering optimizing firmware', 71, 3),
(580, 5, 'Stand-alone responsive application', 64, 1),
(581, 10, 'Compatible static support', 100, 2),
(582, 10, 'Implemented static internet solution', 15, 3),
(583, 6, 'Team-oriented 6th generation moratorium', 56, 1),
(584, 4, 'Down-sized incremental customer loyalty', 50, 1),
(585, 4, 'Optimized upward-trending open architecture', 19, 2),
(586, 1, 'Function-based coherent info-mediaries', 98, 5),
(587, 1, 'Reverse-engineered upward-trending info-mediaries', 29, 1),
(588, 8, 'Fundamental eco-centric internet solution', 77, 1),
(589, 7, 'Front-line maximized hardware', 45, 4),
(590, 7, 'Open-architected explicit array', 96, 5),
(591, 6, 'Networked tangible model', 64, 4),
(592, 7, 'Profit-focused upward-trending frame', 70, 3),
(593, 10, 'Open-architected methodical framework', 22, 3),
(594, 2, 'Compatible grid-enabled contingency', 22, 4),
(595, 6, 'Team-oriented local service-desk', 20, 3),
(596, 1, 'Self-enabling motivating instruction set', 26, 4),
(597, 9, 'Networked neutral groupware', 65, 3),
(598, 10, 'Multi-channelled executive functionalities', 22, 4),
(599, 7, 'Versatile explicit strategy', 5, 4),
(600, 3, 'Phased content-based internet solution', 98, 4),
(601, 1, 'De-engineered responsive functionalities', 91, 5),
(602, 3, 'Secured homogeneous contingency', 20, 3),
(603, 4, 'Face to face radical toolset', 54, 4),
(604, 3, 'Enterprise-wide leading edge parallelism', 48, 5),
(605, 9, 'Function-based object-oriented function', 27, 1),
(606, 2, 'Vision-oriented reciprocal budgetary management', 53, 3),
(607, 9, 'Universal disintermediate knowledge base', 77, 5),
(608, 7, 'Optional cohesive emulation', 45, 2),
(609, 5, 'Extended reciprocal software', 90, 4),
(610, 6, 'Balanced optimizing conglomeration', 34, 1),
(611, 6, 'User-friendly mission-critical database', 100, 2),
(612, 5, 'Switchable non-volatile success', 82, 3),
(613, 6, 'Cross-platform intermediate capacity', 61, 4),
(614, 5, 'Synchronised even-keeled initiative', 28, 1),
(615, 9, 'Team-oriented multi-tasking intranet', 79, 5),
(616, 10, 'Realigned intermediate emulation', 44, 4),
(617, 4, 'Down-sized coherent info-mediaries', 4, 1),
(618, 7, 'Adaptive next generation matrices', 24, 4),
(619, 10, 'Realigned even-keeled synergy', 77, 3),
(620, 6, 'Profit-focused web-enabled forecast', 8, 4),
(621, 7, 'Optional solution-oriented firmware', 74, 5),
(622, 10, 'Synchronised secondary process improvement', 83, 2),
(623, 3, 'Compatible dynamic concept', 57, 3),
(624, 5, 'Persevering motivating interface', 6, 2),
(625, 9, 'Ergonomic high-level alliance', 54, 4),
(626, 3, 'Polarised transitional Graphic Interface', 70, 2),
(627, 4, 'Realigned fault-tolerant Graphical User Interface', 21, 1),
(628, 10, 'Ameliorated interactive time-frame', 39, 3),
(629, 6, 'Synchronised national challenge', 36, 2),
(630, 2, 'Organized dedicated monitoring', 58, 1),
(631, 1, 'Grass-roots 24 hour success', 66, 3),
(632, 7, 'Extended dedicated database', 59, 2),
(633, 6, 'Front-line modular instruction set', 11, 2),
(634, 10, 'Front-line 24/7 interface', 95, 2),
(635, 4, 'Fully-configurable non-volatile data-warehouse', 100, 3),
(636, 7, 'Re-contextualized non-volatile function', 98, 2),
(637, 6, 'Switchable dedicated migration', 80, 4),
(638, 6, 'Managed demand-driven task-force', 48, 2),
(639, 9, 'Innovative zero tolerance time-frame', 84, 2),
(640, 1, 'Enhanced solution-oriented utilisation', 16, 1),
(641, 3, 'Integrated 4th generation archive', 16, 3),
(642, 2, 'Optimized user-facing capacity', 83, 3),
(643, 1, 'Customizable systematic benchmark', 19, 4),
(644, 7, 'Virtual asynchronous ability', 83, 3),
(645, 7, 'Ameliorated impactful collaboration', 99, 4),
(646, 3, 'Fully-configurable attitude-oriented alliance', 93, 1),
(647, 2, 'Down-sized exuding instruction set', 74, 1),
(648, 9, 'Cross-platform user-facing paradigm', 8, 3),
(649, 8, 'Synergized impactful matrix', 84, 4),
(650, 3, 'Switchable bandwidth-monitored internet solution', 99, 3),
(651, 5, 'Inverse scalable focus group', 60, 5),
(652, 2, 'Advanced human-resource orchestration', 80, 5),
(653, 7, 'Self-enabling content-based forecast', 100, 5),
(654, 10, 'Customizable homogeneous analyzer', 39, 2),
(655, 6, 'Organic leading edge toolset', 46, 4),
(656, 7, 'Optimized disintermediate standardization', 17, 1),
(657, 2, 'Right-sized homogeneous extranet', 95, 4),
(658, 3, 'Reactive value-added challenge', 10, 2),
(659, 1, 'Optional leading edge projection', 37, 5),
(660, 10, 'Multi-lateral eco-centric paradigm', 78, 5),
(661, 7, 'Seamless local encoding', 37, 5),
(662, 5, 'Cross-group composite focus group', 0, 2),
(663, 5, 'Front-line intermediate structure', 63, 5),
(664, 3, 'Advanced global superstructure', 12, 2),
(665, 5, 'Organized homogeneous Graphic Interface', 96, 1),
(666, 9, 'De-engineered bifurcated projection', 15, 2),
(667, 8, 'Pre-emptive impactful focus group', 46, 1),
(668, 3, 'Fully-configurable directional hardware', 83, 1),
(669, 10, 'Diverse system-worthy success', 17, 4),
(670, 5, 'Adaptive responsive complexity', 57, 2),
(671, 2, 'Up-sized intangible internet solution', 80, 2),
(672, 4, 'Open-architected 24 hour access', 82, 5),
(673, 1, 'Fundamental client-server focus group', 74, 1),
(674, 2, 'Up-sized impactful process improvement', 75, 4),
(675, 3, 'Organic secondary portal', 79, 5),
(676, 9, 'User-friendly multi-tasking database', 63, 1),
(677, 8, 'Grass-roots uniform definition', 53, 2),
(678, 9, 'Secured optimizing support', 40, 4),
(679, 10, 'Business-focused web-enabled forecast', 51, 1),
(680, 2, 'Digitized logistical infrastructure', 73, 1),
(681, 10, 'User-friendly analyzing analyzer', 29, 4),
(682, 9, 'Face to face real-time encryption', 23, 1),
(683, 10, 'Cloned empowering orchestration', 44, 4),
(684, 9, 'Profit-focused object-oriented firmware', 43, 4),
(685, 5, 'Customizable optimizing infrastructure', 32, 3),
(686, 8, 'Polarised tangible monitoring', 97, 1),
(687, 2, 'Visionary hybrid internet solution', 6, 4),
(688, 8, 'Object-based transitional methodology', 70, 2),
(689, 8, 'Programmable directional data-warehouse', 10, 3),
(690, 4, 'Future-proofed motivating paradigm', 58, 2),
(691, 3, 'Profound composite Graphic Interface', 24, 5),
(692, 3, 'Up-sized systematic circuit', 53, 1),
(693, 6, 'Advanced eco-centric conglomeration', 92, 1),
(694, 8, 'Exclusive object-oriented budgetary management', 87, 2),
(695, 4, 'Expanded coherent intranet', 16, 4),
(696, 7, 'Horizontal 24/7 portal', 66, 2),
(697, 6, 'Reactive mobile conglomeration', 54, 3),
(698, 2, 'Advanced foreground encoding', 1, 2),
(699, 3, 'Persevering systematic extranet', 21, 4),
(700, 4, 'Polarised zero administration access', 18, 4),
(701, 10, 'Customizable zero defect challenge', 82, 4),
(702, 6, 'Versatile content-based infrastructure', 61, 1),
(703, 7, 'Intuitive well-modulated ability', 73, 5),
(704, 3, 'Customer-focused mission-critical task-force', 39, 2),
(705, 8, 'Implemented web-enabled application', 15, 4),
(706, 10, 'Pre-emptive web-enabled hub', 81, 2),
(707, 9, 'Implemented upward-trending ability', 67, 2),
(708, 10, 'Object-based dedicated adapter', 74, 1),
(709, 8, 'Cross-group mobile encryption', 59, 5),
(710, 2, 'Customer-focused tangible protocol', 8, 2),
(711, 4, 'Decentralized holistic conglomeration', 82, 1),
(712, 7, 'Virtual intangible matrix', 57, 3),
(713, 10, 'Organic clear-thinking matrix', 14, 5),
(714, 2, 'Self-enabling secondary contingency', 43, 5),
(715, 6, 'Profound 5th generation instruction set', 0, 3),
(716, 10, 'Optional encompassing artificial intelligence', 89, 5),
(717, 6, 'Enterprise-wide explicit help-desk', 42, 4),
(718, 9, 'Extended bottom-line local area network', 40, 4),
(719, 7, 'Operative secondary software', 96, 2),
(720, 9, 'Secured executive throughput', 5, 5),
(721, 5, 'Multi-lateral explicit leverage', 58, 5),
(722, 7, 'Team-oriented multi-state policy', 62, 2),
(723, 7, 'Triple-buffered human-resource info-mediaries', 43, 3),
(724, 10, 'Re-engineered full-range software', 30, 5),
(725, 1, 'Intuitive multi-state local area network', 75, 1),
(726, 3, 'Multi-layered needs-based throughput', 60, 1),
(727, 2, 'Networked background service-desk', 98, 2),
(728, 5, 'Persistent solution-oriented time-frame', 44, 5),
(729, 10, 'Down-sized mission-critical capability', 30, 3),
(730, 3, 'Multi-tiered holistic internet solution', 89, 2),
(731, 7, 'Proactive motivating archive', 76, 1),
(732, 10, 'Business-focused fault-tolerant circuit', 62, 4),
(733, 2, 'Total client-driven throughput', 39, 3),
(734, 2, 'Future-proofed analyzing framework', 2, 1),
(735, 7, 'Total background time-frame', 75, 2),
(736, 3, 'Grass-roots zero tolerance Graphic Interface', 42, 4),
(737, 8, 'Customizable demand-driven software', 63, 3),
(738, 1, 'Face to face well-modulated architecture', 21, 1),
(739, 10, 'Intuitive 5th generation data-warehouse', 58, 5),
(740, 3, 'Quality-focused logistical solution', 1, 1),
(741, 8, 'Polarised cohesive workforce', 86, 2),
(742, 3, 'Polarised bi-directional local area network', 55, 2),
(743, 5, 'Versatile intangible infrastructure', 34, 4),
(744, 2, 'Innovative logistical complexity', 98, 2),
(745, 9, 'Polarised radical superstructure', 53, 4),
(746, 6, 'Triple-buffered directional flexibility', 86, 4),
(747, 6, 'Inverse background hierarchy', 71, 1),
(748, 6, 'Reactive upward-trending task-force', 2, 2),
(749, 10, 'Programmable real-time support', 73, 4),
(750, 3, 'Customizable fresh-thinking analyzer', 42, 5),
(751, 1, 'Visionary cohesive encoding', 8, 1),
(752, 2, 'Organic executive architecture', 39, 4),
(753, 5, 'Integrated transitional throughput', 10, 1),
(754, 5, 'Synergistic methodical installation', 49, 4),
(755, 7, 'Expanded bi-directional software', 51, 2),
(756, 7, 'User-centric interactive flexibility', 25, 5),
(757, 1, 'Visionary eco-centric encoding', 93, 4),
(758, 8, 'Balanced grid-enabled installation', 21, 4),
(759, 5, 'Public-key optimal archive', 31, 1),
(760, 10, 'User-centric didactic hardware', 52, 3),
(761, 2, 'Reduced high-level standardization', 82, 2),
(762, 3, 'Optional eco-centric paradigm', 71, 1),
(763, 8, 'Configurable real-time benchmark', 10, 1),
(764, 5, 'Decentralized transitional hub', 51, 5),
(765, 5, 'Front-line systematic infrastructure', 18, 3),
(766, 2, 'Reduced real-time interface', 41, 4),
(767, 8, 'Fundamental full-range conglomeration', 7, 2),
(768, 2, 'Integrated 5th generation paradigm', 71, 5),
(769, 4, 'Pre-emptive user-facing database', 69, 3),
(770, 9, 'Synergized logistical implementation', 100, 1),
(771, 5, 'Reduced tertiary parallelism', 4, 5),
(772, 2, 'Inverse optimal budgetary management', 0, 4),
(773, 2, 'Fully-configurable client-server concept', 40, 2),
(774, 10, 'Diverse systemic capacity', 16, 1),
(775, 8, 'Expanded actuating orchestration', 5, 3),
(776, 1, 'Inverse next generation initiative', 68, 5),
(777, 7, 'Cross-group asynchronous capacity', 81, 5),
(778, 9, 'Managed user-facing strategy', 97, 3),
(779, 5, 'Vision-oriented background architecture', 70, 5),
(780, 5, 'Persevering executive implementation', 23, 4),
(781, 1, 'Ameliorated bottom-line extranet', 35, 4),
(782, 4, 'Down-sized scalable access', 12, 3),
(783, 8, 'Team-oriented transitional groupware', 17, 1),
(784, 10, 'Polarised zero tolerance forecast', 75, 2),
(785, 6, 'Advanced intermediate middleware', 61, 2),
(786, 6, 'Automated incremental initiative', 74, 4),
(787, 10, 'Phased impactful archive', 68, 2),
(788, 7, 'Progressive interactive pricing structure', 96, 1),
(789, 9, 'Team-oriented composite migration', 43, 1),
(790, 2, 'Synergistic secondary capacity', 33, 2),
(791, 5, 'Automated mission-critical open architecture', 47, 4),
(792, 5, 'Reactive client-driven collaboration', 64, 4),
(793, 5, 'Secured local conglomeration', 37, 2),
(794, 7, 'Intuitive system-worthy groupware', 20, 1),
(795, 6, 'Organized methodical policy', 32, 4),
(796, 8, 'Programmable composite initiative', 42, 5),
(797, 9, 'Vision-oriented interactive neural-net', 29, 3),
(798, 10, 'Re-engineered contextually-based superstructure', 70, 2),
(799, 9, 'Centralized explicit throughput', 40, 2),
(800, 1, 'Business-focused 3rd generation process improvement', 63, 5),
(801, 6, 'Function-based systematic matrices', 62, 3),
(802, 2, 'Vision-oriented regional paradigm', 5, 1),
(803, 9, 'Multi-channelled interactive process improvement', 16, 2),
(804, 2, 'Realigned national flexibility', 55, 4),
(805, 3, 'Public-key object-oriented project', 90, 5),
(806, 6, 'Synergized transitional archive', 88, 3),
(807, 9, 'Mandatory cohesive internet solution', 1, 3),
(808, 9, 'Enhanced explicit help-desk', 57, 1),
(809, 9, 'Expanded impactful leverage', 34, 1),
(810, 9, 'Pre-emptive interactive frame', 93, 2),
(811, 3, 'Team-oriented content-based task-force', 96, 5),
(812, 8, 'Assimilated systemic knowledge base', 45, 1),
(813, 1, 'Face to face attitude-oriented conglomeration', 74, 3),
(814, 10, 'Synergistic systemic data-warehouse', 23, 2),
(815, 1, 'Digitized bifurcated framework', 25, 2),
(816, 10, 'Re-engineered disintermediate function', 50, 5),
(817, 10, 'Reactive object-oriented success', 70, 5),
(818, 2, 'Extended foreground forecast', 81, 3),
(819, 3, 'Universal static encryption', 49, 5),
(820, 1, 'Programmable analyzing middleware', 17, 3),
(821, 6, 'Reverse-engineered non-volatile knowledge user', 16, 1),
(822, 1, 'Integrated eco-centric application', 4, 4),
(823, 7, 'Innovative mission-critical concept', 29, 5),
(824, 7, 'Enhanced multi-state project', 73, 2),
(825, 4, 'Pre-emptive 4th generation help-desk', 59, 3),
(826, 10, 'User-centric regional website', 45, 1),
(827, 4, 'Grass-roots discrete extranet', 40, 5),
(828, 4, 'Assimilated bandwidth-monitored archive', 47, 2),
(829, 3, 'Decentralized real-time database', 57, 2),
(830, 6, 'Re-contextualized 5th generation encryption', 64, 2),
(831, 8, 'Extended scalable projection', 75, 2),
(832, 5, 'Sharable attitude-oriented orchestration', 12, 2),
(833, 9, 'Profound multi-tasking installation', 93, 5),
(834, 9, 'Multi-tiered global structure', 64, 1),
(835, 3, 'Decentralized asymmetric application', 99, 5),
(836, 1, 'Fundamental 24 hour database', 76, 4),
(837, 2, 'Re-engineered systematic project', 63, 3),
(838, 10, 'Versatile local utilisation', 60, 4),
(839, 1, 'Balanced fresh-thinking intranet', 58, 1),
(840, 10, 'Phased empowering structure', 57, 4),
(841, 5, 'Optimized tertiary forecast', 80, 4),
(842, 7, 'Down-sized empowering forecast', 19, 2),
(843, 7, 'Diverse multimedia analyzer', 3, 4),
(844, 9, 'Digitized non-volatile superstructure', 16, 1),
(845, 10, 'Operative tertiary implementation', 96, 5),
(846, 8, 'Business-focused asynchronous implementation', 11, 4),
(847, 8, 'Streamlined system-worthy focus group', 71, 5),
(848, 1, 'Face to face zero defect monitoring', 62, 3),
(849, 1, 'Right-sized coherent hierarchy', 33, 4),
(850, 7, 'Virtual directional frame', 57, 2),
(851, 2, 'Public-key local analyzer', 89, 5),
(852, 1, 'Vision-oriented empowering matrices', 49, 4),
(853, 6, 'Advanced multi-tasking analyzer', 37, 2),
(854, 7, 'Open-source impactful hub', 48, 3),
(855, 5, 'Triple-buffered bifurcated encryption', 73, 2),
(856, 10, 'Implemented reciprocal service-desk', 57, 4),
(857, 1, 'Universal executive support', 87, 2),
(858, 6, 'Monitored responsive customer loyalty', 93, 4),
(859, 9, 'Customer-focused demand-driven extranet', 28, 4),
(860, 1, 'Implemented context-sensitive encoding', 80, 2),
(861, 2, 'User-friendly stable help-desk', 100, 1),
(862, 2, 'Multi-channelled composite orchestration', 29, 4),
(863, 7, 'Front-line eco-centric frame', 54, 3),
(864, 5, 'Future-proofed 6th generation synergy', 23, 1),
(865, 6, 'Persistent demand-driven alliance', 40, 4),
(866, 7, 'Pre-emptive attitude-oriented collaboration', 38, 1),
(867, 4, 'Profit-focused zero administration methodology', 15, 3),
(868, 7, 'Robust 5th generation moratorium', 49, 3),
(869, 10, 'Customer-focused encompassing groupware', 24, 5),
(870, 6, 'Extended scalable definition', 27, 3),
(871, 3, 'User-centric optimizing solution', 84, 4),
(872, 4, 'Devolved motivating encryption', 69, 2),
(873, 7, 'Configurable even-keeled circuit', 60, 1),
(874, 3, 'Diverse multi-tasking throughput', 86, 4),
(875, 4, 'Team-oriented mobile open architecture', 88, 3),
(876, 7, 'Enterprise-wide full-range process improvement', 55, 2),
(877, 8, 'Object-based attitude-oriented encoding', 36, 3),
(878, 1, 'Streamlined multi-tasking data-warehouse', 70, 1),
(879, 9, 'Enhanced solution-oriented capability', 62, 1),
(880, 7, 'Open-source empowering flexibility', 37, 5),
(881, 9, 'Expanded multi-tasking neural-net', 84, 5),
(882, 8, 'Mandatory client-driven monitoring', 0, 2),
(883, 10, 'Persevering systematic migration', 38, 2),
(884, 8, 'Open-architected needs-based conglomeration', 9, 3),
(885, 2, 'Optimized 3rd generation implementation', 22, 4),
(886, 3, 'Re-engineered needs-based strategy', 79, 5),
(887, 1, 'Multi-tiered national definition', 39, 3),
(888, 9, 'Face to face optimizing conglomeration', 84, 3),
(889, 10, 'Integrated logistical methodology', 1, 1),
(890, 3, 'Universal client-driven toolset', 76, 2),
(891, 7, 'Fundamental bottom-line collaboration', 31, 5),
(892, 9, 'Inverse object-oriented utilisation', 56, 2),
(893, 2, 'Mandatory empowering model', 10, 3),
(894, 9, 'Multi-tiered exuding open architecture', 10, 5),
(895, 8, 'Multi-tiered disintermediate capacity', 12, 2),
(896, 3, 'Extended multimedia local area network', 13, 5),
(897, 7, 'Function-based human-resource complexity', 45, 5),
(898, 4, 'Vision-oriented client-driven strategy', 71, 3),
(899, 9, 'Phased national migration', 48, 1),
(900, 9, 'Devolved grid-enabled instruction set', 73, 1),
(901, 10, 'Expanded radical pricing structure', 98, 3),
(902, 3, 'Total well-modulated orchestration', 25, 4),
(903, 3, 'Ameliorated object-oriented local area network', 86, 4),
(904, 9, 'Mandatory clear-thinking support', 19, 2),
(905, 7, 'Advanced 5th generation implementation', 71, 2),
(906, 5, 'Total explicit access', 61, 2),
(907, 9, 'Ergonomic upward-trending success', 80, 2),
(908, 1, 'Compatible national info-mediaries', 68, 5),
(909, 8, 'Operative 24/7 support', 77, 3),
(910, 7, 'Enhanced next generation orchestration', 86, 2),
(911, 10, 'Cross-group system-worthy support', 1, 3),
(912, 8, 'Seamless fresh-thinking archive', 43, 1),
(913, 6, 'Front-line transitional productivity', 3, 2),
(914, 8, 'Enterprise-wide even-keeled moderator', 87, 5),
(915, 10, 'User-friendly tertiary paradigm', 68, 5),
(916, 6, 'De-engineered homogeneous strategy', 1, 3),
(917, 2, 'Configurable bandwidth-monitored approach', 7, 2),
(918, 6, 'Quality-focused full-range forecast', 40, 5),
(919, 9, 'Front-line composite access', 15, 5),
(920, 9, 'Enhanced needs-based projection', 51, 5),
(921, 2, 'Operative client-driven project', 18, 5),
(922, 10, 'Pre-emptive stable project', 81, 5),
(923, 2, 'Synergistic foreground moderator', 75, 3),
(924, 8, 'Distributed user-facing interface', 100, 1),
(925, 2, 'Inverse context-sensitive extranet', 71, 4),
(926, 5, 'Triple-buffered maximized local area network', 37, 4),
(927, 7, 'Virtual impactful success', 42, 1),
(928, 7, 'Horizontal heuristic process improvement', 90, 4),
(929, 6, 'Cross-platform encompassing leverage', 37, 5),
(930, 1, 'Profound responsive hub', 90, 5),
(931, 7, 'Multi-tiered encompassing contingency', 1, 2),
(932, 6, 'Object-based fault-tolerant groupware', 32, 2),
(933, 7, 'Intuitive optimizing benchmark', 31, 1),
(934, 2, 'Reduced demand-driven middleware', 1, 2),
(935, 1, 'Advanced local access', 78, 2),
(936, 5, 'Advanced multimedia service-desk', 15, 2),
(937, 8, 'Public-key stable groupware', 71, 2),
(938, 3, 'Upgradable zero tolerance conglomeration', 94, 4),
(939, 8, 'Universal uniform methodology', 17, 2),
(940, 6, 'Reduced empowering emulation', 74, 5),
(941, 6, 'Synergistic stable project', 57, 4),
(942, 7, 'User-friendly optimal neural-net', 93, 2),
(943, 8, 'Fundamental multi-tasking customer loyalty', 78, 5),
(944, 3, 'Object-based context-sensitive capacity', 23, 2),
(945, 5, 'Universal analyzing complexity', 89, 4),
(946, 7, 'Inverse user-facing archive', 3, 4),
(947, 8, 'Organized mobile open system', 89, 2),
(948, 8, 'Multi-lateral motivating protocol', 83, 4),
(949, 4, 'Realigned local service-desk', 26, 3),
(950, 2, 'Re-contextualized attitude-oriented access', 91, 3);
INSERT INTO `avaliacao` (`idavaliacao`, `nota`, `comentario`, `cod_cliente`, `idespacoAlimentar`) VALUES
(951, 4, 'Managed dynamic protocol', 14, 3),
(952, 8, 'Reverse-engineered modular infrastructure', 74, 4),
(953, 6, 'Open-source dynamic attitude', 60, 1),
(954, 1, 'Customer-focused bi-directional paradigm', 1, 4),
(955, 2, 'Visionary analyzing artificial intelligence', 79, 3),
(956, 7, 'Automated multimedia ability', 61, 2),
(957, 4, 'Upgradable tertiary forecast', 99, 2),
(958, 4, 'Vision-oriented 6th generation protocol', 93, 5),
(959, 8, 'Profit-focused demand-driven ability', 72, 3),
(960, 7, 'Assimilated analyzing functionalities', 34, 2),
(961, 2, 'Visionary demand-driven implementation', 60, 1),
(962, 7, 'Synergistic value-added local area network', 67, 1),
(963, 7, 'Polarised responsive capacity', 35, 2),
(964, 1, 'Inverse intangible leverage', 12, 2),
(965, 2, 'Reactive empowering throughput', 77, 2),
(966, 8, 'Adaptive disintermediate extranet', 83, 5),
(967, 5, 'Managed 5th generation intranet', 85, 3),
(968, 3, 'Optional real-time core', 71, 2),
(969, 1, 'Reactive leading edge moderator', 44, 4),
(970, 6, 'Fundamental optimizing knowledge user', 31, 1),
(971, 8, 'Reactive hybrid customer loyalty', 53, 1),
(972, 4, 'Public-key mission-critical synergy', 6, 4),
(973, 2, 'Programmable executive instruction set', 27, 5),
(974, 1, 'Pre-emptive secondary neural-net', 22, 4),
(975, 6, 'Self-enabling 6th generation flexibility', 36, 3),
(976, 3, 'Polarised object-oriented extranet', 1, 1),
(977, 6, 'Cloned systemic interface', 100, 1),
(978, 1, 'Organic 24/7 array', 24, 4),
(979, 8, 'Expanded executive functionalities', 62, 2),
(980, 1, 'Focused non-volatile database', 22, 3),
(981, 3, 'Right-sized logistical intranet', 72, 3),
(982, 3, 'Assimilated national core', 36, 2),
(983, 10, 'Optimized analyzing support', 70, 2),
(984, 6, 'Organized homogeneous intranet', 58, 2),
(985, 3, 'User-centric bandwidth-monitored matrix', 19, 5),
(986, 9, 'Seamless modular database', 11, 5),
(987, 10, 'Self-enabling actuating service-desk', 90, 4),
(988, 9, 'Focused dedicated knowledge base', 71, 3),
(989, 3, 'Multi-tiered needs-based standardization', 99, 2),
(990, 9, 'Cloned 4th generation customer loyalty', 38, 1),
(991, 2, 'Organized real-time info-mediaries', 18, 5),
(992, 10, 'Streamlined modular workforce', 92, 5),
(993, 6, 'Enhanced explicit strategy', 46, 1),
(994, 10, 'Assimilated intangible encryption', 100, 4),
(995, 6, 'Advanced coherent task-force', 21, 2),
(996, 9, 'Focused optimizing knowledge user', 13, 4),
(997, 3, 'Face to face multimedia extranet', 9, 3),
(998, 8, 'User-centric leading edge policy', 67, 3),
(999, 4, 'Centralized mobile initiative', 79, 3),
(1000, 2, 'Persistent analyzing application', 25, 2);

-- --------------------------------------------------------

--
-- Estrutura da tabela `categoriaprato`
--

CREATE TABLE `categoriaprato` (
  `idcategoriaPrato` int(11) NOT NULL,
  `designacao` varchar(45) NOT NULL
) ENGINE=InnoDB DEFAULT CHARSET=utf8;

--
-- Extraindo dados da tabela `categoriaprato`
--

INSERT INTO `categoriaprato` (`idcategoriaPrato`, `designacao`) VALUES
(1, 'Carne'),
(2, 'Peixe'),
(3, 'Vegetariano'),
(4, 'Vegano'),
(5, 'Pães'),
(6, 'Bebida'),
(7, 'Sobremesa'),
(8, 'Teste');

-- --------------------------------------------------------

--
-- Estrutura da tabela `categoriaproduto`
--

CREATE TABLE `categoriaproduto` (
  `idcategoriaProduto` int(11) NOT NULL,
  `designacao` varchar(45) NOT NULL
) ENGINE=InnoDB DEFAULT CHARSET=utf8;

--
-- Extraindo dados da tabela `categoriaproduto`
--

INSERT INTO `categoriaproduto` (`idcategoriaProduto`, `designacao`) VALUES
(1, 'Bebida'),
(2, 'Snack'),
(3, 'Ingrediente'),
(4, 'Objeto');

-- --------------------------------------------------------

--
-- Estrutura da tabela `cliente`
--

CREATE TABLE `cliente` (
  `cod_cliente` int(11) NOT NULL,
  `nome` varchar(45) NOT NULL,
  `apelido` varchar(45) NOT NULL,
  `numero_telefone` varchar(15) DEFAULT NULL
) ENGINE=InnoDB DEFAULT CHARSET=utf8;

--
-- Extraindo dados da tabela `cliente`
--

INSERT INTO `cliente` (`cod_cliente`, `nome`, `apelido`, `numero_telefone`) VALUES
(0, 'ANONIMO', 'ANONIMO', NULL),
(1, 'Chico', 'Sager', '507-772-8163'),
(2, 'Turner', 'Meadowcraft', '859-303-9488'),
(3, 'Constantia', 'Tarburn', '636-236-1756'),
(4, 'Wendye', 'Beurich', '684-419-3641'),
(5, 'Steffane', 'Harrower', '955-473-0095'),
(6, 'Ludvig', 'Elecum', '697-343-1250'),
(7, 'Booth', 'Sucre', '717-186-1290'),
(8, 'Deeyn', 'Leuchars', '104-806-4458'),
(9, 'Charis', 'Folkes', '252-445-6370'),
(10, 'Katti', 'Penquet', '806-401-9344'),
(11, 'Ronna', 'Tomblings', '476-130-3358'),
(12, 'Rob', 'Hatje', '456-412-4317'),
(13, 'Bard', 'Lavers', '865-438-2903'),
(14, 'Blanch', 'Gresswood', '652-579-1408'),
(15, 'Tomas', 'Carah', '978-431-4357'),
(16, 'Artemas', 'Challen', '947-734-1048'),
(17, 'Normy', 'Seagrove', '492-446-9399'),
(18, 'Daffi', 'Clymer', '586-261-9766'),
(19, 'Jaymie', 'Bloom', '340-729-7724'),
(20, 'Beau', 'McEvoy', '845-807-6345'),
(21, 'Hewitt', 'Klosterman', '330-645-6717'),
(22, 'Elonore', 'Klessmann', '607-782-5027'),
(23, 'Nanette', 'Andriesse', '589-416-2873'),
(24, 'Eirena', 'Loch', '839-586-8341'),
(25, 'Michelle', 'Mottini', '955-293-9566'),
(26, 'Cherianne', 'Mc Grath', '130-926-9175'),
(27, 'Quentin', 'Broz', '183-112-1280'),
(28, 'Tymon', 'Cantillion', '175-149-1553'),
(29, 'Karlis', 'Crickmer', '238-288-5752'),
(30, 'Rosamond', 'Kaas', '572-153-2660'),
(31, 'Gene', 'Cluney', '671-937-2678'),
(32, 'Maribel', 'Maypole', '546-255-5982'),
(33, 'Sandye', 'Cullagh', '317-202-5163'),
(34, 'Teddy', 'Rounding', '413-181-6867'),
(35, 'Moss', 'Sweedy', '496-711-6028'),
(36, 'Gunter', 'Gabler', '836-399-6284'),
(37, 'Antonie', 'Lightbourne', '872-330-7810'),
(38, 'Melesa', 'Carratt', '987-464-8378'),
(39, 'Mari', 'Founds', '209-140-4968'),
(40, 'Morse', 'Fairholme', '320-894-3130'),
(41, 'Ivor', 'Dallywater', '236-629-2249'),
(42, 'Cicily', 'Monelle', '391-461-8532'),
(43, 'Yancey', 'Elcocks', '310-269-8115'),
(44, 'Lay', 'Hallifax', '537-444-0143'),
(45, 'Agustin', 'Aggiss', '387-137-7780'),
(46, 'Isa', 'Sambrok', '864-791-9752'),
(47, 'Carlyle', 'Limon', '755-830-5935'),
(48, 'Cecilius', 'Stife', '588-385-3471'),
(49, 'Freeman', 'McBayne', '197-516-3761'),
(50, 'Brinn', 'Debold', '124-661-8127'),
(51, 'Arluene', 'Pickance', '346-430-4787'),
(52, 'Cornelle', 'Bottlestone', '996-436-4501'),
(53, 'Luise', 'Alenshev', '658-310-0523'),
(54, 'Letizia', 'Denial', '873-745-5371'),
(55, 'Harriett', 'Coch', '547-440-9779'),
(56, 'Tabina', 'MacCome', '750-805-1981'),
(57, 'Kalinda', 'Charrett', '448-578-5823'),
(58, 'Ambrose', 'Tumbelty', '382-785-9969'),
(59, 'Iggy', 'Reddlesden', '860-530-8874'),
(60, 'Thorpe', 'Triggs', '395-310-4337'),
(61, 'Odelle', 'Wailes', '239-780-8471'),
(62, 'Marja', 'Logie', '911-792-1653'),
(63, 'Faulkner', 'Pennells', '596-963-3243'),
(64, 'Rory', 'Buttrey', '760-430-2253'),
(65, 'Evvie', 'Orts', '736-840-8855'),
(66, 'Esra', 'Rubra', '396-554-6444'),
(67, 'Karel', 'Hambidge', '978-896-2457'),
(68, 'Luisa', 'Banes', '258-176-3904'),
(69, 'Carce', 'Whatson', '132-696-0357'),
(70, 'Fransisco', 'Pirkis', '526-686-2247'),
(71, 'Danyette', 'Delph', '843-256-8124'),
(72, 'Maia', 'Abadam', '868-138-9275'),
(73, 'Nancey', 'Moehler', '635-940-0947'),
(74, 'Chrysler', 'Ransley', '412-717-2700'),
(75, 'Letty', 'Nevet', '535-993-5478'),
(76, 'Rafaela', 'Newstead', '475-750-7388'),
(77, 'Harwell', 'Cranch', '562-421-0185'),
(78, 'Kirbie', 'Brighty', '345-579-6580'),
(79, 'Rusty', 'Dorrell', '593-393-2041'),
(80, 'Manda', 'Andriuzzi', '843-992-7163'),
(81, 'Maisey', 'Aspall', '922-954-7473'),
(82, 'Thatch', 'Ludlamme', '625-510-7847'),
(83, 'Jens', 'Hospital', '343-612-1985'),
(84, 'Olly', 'McAreavey', '915-300-4626'),
(85, 'Fabe', 'Godden', '128-597-0063'),
(86, 'Winfred', 'Lowther', '133-228-1291'),
(87, 'Carrol', 'Kensy', '882-817-0405'),
(88, 'Shem', 'Jacobs', '823-937-8950'),
(89, 'Alexis', 'Braysher', '156-738-1901'),
(90, 'Alexandrina', 'Oxborough', '677-297-2333'),
(91, 'Sydelle', 'Whytock', '924-249-7803'),
(92, 'Faydra', 'Dary', '479-929-9183'),
(93, 'Emilio', 'McCuffie', '213-302-2965'),
(94, 'Daphene', 'Hercules', '116-158-2428'),
(95, 'Merle', 'Jacmar', '284-426-1542'),
(96, 'Van', 'Villaret', '807-575-8218'),
(97, 'Emelyne', 'Killiner', '471-734-9060'),
(98, 'Raoul', 'Mendenhall', '526-681-6450'),
(99, 'Barclay', 'Johansen', '642-554-1197'),
(100, 'Valaria', 'Dunwoody', '616-309-2676');

-- --------------------------------------------------------

--
-- Estrutura da tabela `espacoalimentar`
--

CREATE TABLE `espacoalimentar` (
  `idespacoAlimentar` int(11) NOT NULL,
  `nome` varchar(45) NOT NULL,
  `idinstituto` int(11) NOT NULL
) ENGINE=InnoDB DEFAULT CHARSET=utf8;

--
-- Extraindo dados da tabela `espacoalimentar`
--

INSERT INTO `espacoalimentar` (`idespacoAlimentar`, `nome`, `idinstituto`) VALUES
(1, 'Bar do ISE', 1),
(2, 'Bar do ESEC', 2),
(3, 'Bar do ESGHT', 3),
(4, 'Bar de EC', 4),
(5, 'Cantina', 5);

-- --------------------------------------------------------

--
-- Estrutura da tabela `espacoalimentar_encomenda_fornecedor`
--

CREATE TABLE `espacoalimentar_encomenda_fornecedor` (
  `idespacoAlimentar` int(11) NOT NULL,
  `idfornecedor` int(11) NOT NULL
) ENGINE=InnoDB DEFAULT CHARSET=utf8;

--
-- Extraindo dados da tabela `espacoalimentar_encomenda_fornecedor`
--

INSERT INTO `espacoalimentar_encomenda_fornecedor` (`idespacoAlimentar`, `idfornecedor`) VALUES
(1, 5),
(1, 6),
(1, 11),
(1, 13),
(1, 16),
(1, 17),
(1, 19),
(2, 1),
(2, 2),
(2, 6),
(2, 8),
(2, 9),
(2, 16),
(2, 20),
(3, 5),
(3, 10),
(3, 12),
(3, 14),
(3, 18),
(3, 19),
(3, 20),
(4, 5),
(4, 7),
(4, 9),
(4, 10),
(4, 11),
(4, 12),
(4, 19),
(5, 8),
(5, 10),
(5, 14),
(5, 15),
(5, 18);

-- --------------------------------------------------------

--
-- Estrutura da tabela `fatura`
--

CREATE TABLE `fatura` (
  `idfatura` int(11) NOT NULL,
  `data` datetime NOT NULL,
  `cod_cliente` int(11) NOT NULL,
  `idfuncionario` int(11) NOT NULL
) ENGINE=InnoDB DEFAULT CHARSET=utf8;

--
-- Extraindo dados da tabela `fatura`
--

INSERT INTO `fatura` (`idfatura`, `data`, `cod_cliente`, `idfuncionario`) VALUES
(1, '2018-04-07 00:00:00', 29, 14),
(2, '2020-09-11 00:00:00', 56, 48),
(3, '2020-10-19 00:00:00', 89, 47),
(4, '2020-12-14 00:00:00', 32, 21),
(5, '2017-07-09 00:00:00', 7, 17),
(6, '2019-12-22 00:00:00', 63, 44),
(7, '2017-12-10 00:00:00', 96, 34),
(8, '2020-02-11 00:00:00', 32, 30),
(9, '2018-11-03 00:00:00', 22, 5),
(10, '2020-10-24 00:00:00', 74, 27),
(11, '2020-07-21 00:00:00', 5, 19),
(12, '2020-11-25 00:00:00', 86, 4),
(13, '2019-03-15 00:00:00', 90, 19),
(14, '2021-07-30 00:00:00', 10, 11),
(15, '2020-05-14 00:00:00', 83, 27),
(16, '2019-02-08 00:00:00', 96, 41),
(17, '2019-03-20 00:00:00', 7, 21),
(18, '2019-12-16 00:00:00', 70, 14),
(19, '2019-01-24 00:00:00', 11, 22),
(20, '2017-08-17 00:00:00', 93, 20),
(21, '2017-09-03 00:00:00', 84, 5),
(22, '2018-09-14 00:00:00', 18, 31),
(23, '2020-05-23 00:00:00', 49, 44),
(24, '2019-11-10 00:00:00', 78, 14),
(25, '2020-05-29 00:00:00', 33, 42),
(26, '2019-06-21 00:00:00', 3, 28),
(27, '2021-06-29 00:00:00', 77, 21),
(28, '2018-02-03 00:00:00', 23, 4),
(29, '2018-04-06 00:00:00', 9, 8),
(30, '2017-08-11 00:00:00', 72, 11),
(31, '2017-07-12 00:00:00', 29, 1),
(32, '2020-03-07 00:00:00', 62, 1),
(33, '2021-09-02 00:00:00', 60, 49),
(34, '2017-11-17 00:00:00', 19, 23),
(35, '2017-11-23 00:00:00', 31, 8),
(36, '2020-03-16 00:00:00', 52, 46),
(37, '2018-12-19 00:00:00', 22, 7),
(38, '2017-08-11 00:00:00', 55, 17),
(39, '2021-10-23 00:00:00', 32, 28),
(40, '2021-08-31 00:00:00', 73, 49),
(41, '2018-12-29 00:00:00', 25, 7),
(42, '2020-12-17 00:00:00', 17, 30),
(43, '2019-10-21 00:00:00', 80, 42),
(44, '2017-08-14 00:00:00', 100, 40),
(45, '2020-09-14 00:00:00', 52, 19),
(46, '2020-05-21 00:00:00', 100, 21),
(47, '2019-11-07 00:00:00', 31, 17),
(48, '2019-06-26 00:00:00', 52, 31),
(49, '2021-04-05 00:00:00', 3, 27),
(50, '2020-06-16 00:00:00', 54, 37),
(51, '2019-12-14 00:00:00', 78, 16),
(52, '2018-02-06 00:00:00', 49, 7),
(53, '2018-08-03 00:00:00', 22, 4),
(54, '2021-05-02 00:00:00', 10, 48),
(55, '2021-06-07 00:00:00', 48, 48),
(56, '2019-05-28 00:00:00', 50, 33),
(57, '2020-12-26 00:00:00', 41, 46),
(58, '2018-10-07 00:00:00', 28, 14),
(59, '2021-04-23 00:00:00', 20, 49),
(60, '2018-08-22 00:00:00', 42, 27),
(61, '2017-08-24 00:00:00', 73, 2),
(62, '2018-11-20 00:00:00', 11, 42),
(63, '2021-02-06 00:00:00', 57, 7),
(64, '2019-04-28 00:00:00', 10, 37),
(65, '2021-07-10 00:00:00', 5, 19),
(66, '2018-09-26 00:00:00', 90, 39),
(67, '2018-09-18 00:00:00', 62, 24),
(68, '2018-05-12 00:00:00', 96, 45),
(69, '2018-08-13 00:00:00', 23, 8),
(70, '2021-04-28 00:00:00', 54, 31),
(71, '2021-10-22 00:00:00', 84, 29),
(72, '2017-07-28 00:00:00', 19, 20),
(73, '2019-04-17 00:00:00', 57, 47),
(74, '2017-08-17 00:00:00', 1, 11),
(75, '2019-01-28 00:00:00', 9, 14),
(76, '2019-06-07 00:00:00', 73, 42),
(77, '2017-12-21 00:00:00', 57, 48),
(78, '2018-03-31 00:00:00', 56, 45),
(79, '2020-09-20 00:00:00', 41, 41),
(80, '2020-04-08 00:00:00', 67, 27),
(81, '2021-03-27 00:00:00', 92, 17),
(82, '2020-08-05 00:00:00', 35, 50),
(83, '2020-10-09 00:00:00', 76, 14),
(84, '2019-01-21 00:00:00', 94, 38),
(85, '2020-06-07 00:00:00', 16, 49),
(86, '2018-03-11 00:00:00', 70, 25),
(87, '2018-07-27 00:00:00', 45, 47),
(88, '2017-12-19 00:00:00', 25, 14),
(89, '2021-09-20 00:00:00', 17, 49),
(90, '2021-08-16 00:00:00', 19, 27),
(91, '2020-01-30 00:00:00', 74, 14),
(92, '2020-01-17 00:00:00', 7, 19),
(93, '2021-01-16 00:00:00', 65, 43),
(94, '2017-11-29 00:00:00', 22, 13),
(95, '2021-09-18 00:00:00', 38, 29),
(96, '2019-01-12 00:00:00', 54, 11),
(97, '2018-10-06 00:00:00', 9, 40),
(98, '2019-09-28 00:00:00', 14, 6),
(99, '2019-01-20 00:00:00', 93, 27),
(100, '2017-07-12 00:00:00', 36, 11),
(101, '2018-05-28 00:00:00', 74, 20),
(102, '2018-11-10 00:00:00', 73, 4),
(103, '2018-03-10 00:00:00', 34, 44),
(104, '2018-11-29 00:00:00', 63, 7),
(105, '2019-09-10 00:00:00', 19, 5),
(106, '2020-08-16 00:00:00', 28, 8),
(107, '2017-10-28 00:00:00', 48, 34),
(108, '2018-03-27 00:00:00', 47, 23),
(109, '2018-03-08 00:00:00', 38, 8),
(110, '2019-10-24 00:00:00', 37, 50),
(111, '2017-09-02 00:00:00', 37, 9),
(112, '2021-04-27 00:00:00', 65, 38),
(113, '2018-04-06 00:00:00', 100, 22),
(114, '2020-05-21 00:00:00', 8, 24),
(115, '2020-10-30 00:00:00', 73, 33),
(116, '2021-05-03 00:00:00', 100, 15),
(117, '2021-09-04 00:00:00', 82, 20),
(118, '2017-11-29 00:00:00', 88, 24),
(119, '2018-10-25 00:00:00', 78, 24),
(120, '2018-04-06 00:00:00', 46, 29),
(121, '2018-12-21 00:00:00', 46, 42),
(122, '2017-11-08 00:00:00', 82, 5),
(123, '2021-06-10 00:00:00', 82, 36),
(124, '2020-02-04 00:00:00', 5, 12),
(125, '2020-08-09 00:00:00', 84, 34),
(126, '2021-02-03 00:00:00', 28, 44),
(127, '2020-08-16 00:00:00', 11, 25),
(128, '2019-12-25 00:00:00', 66, 16),
(129, '2018-11-15 00:00:00', 68, 40),
(130, '2020-10-18 00:00:00', 83, 14),
(131, '2017-08-19 00:00:00', 51, 23),
(132, '2021-07-29 00:00:00', 98, 12),
(133, '2017-11-24 00:00:00', 74, 13),
(134, '2018-06-15 00:00:00', 36, 3),
(135, '2018-12-25 00:00:00', 65, 26),
(136, '2020-12-09 00:00:00', 64, 35),
(137, '2021-07-17 00:00:00', 89, 22),
(138, '2017-07-12 00:00:00', 28, 41),
(139, '2021-10-11 00:00:00', 41, 48),
(140, '2020-01-21 00:00:00', 6, 17),
(141, '2018-02-24 00:00:00', 40, 20),
(142, '2019-01-31 00:00:00', 73, 26),
(143, '2021-07-24 00:00:00', 72, 37),
(144, '2019-01-19 00:00:00', 94, 39),
(145, '2018-09-30 00:00:00', 60, 29),
(146, '2018-05-13 00:00:00', 6, 40),
(147, '2019-05-13 00:00:00', 6, 25),
(148, '2018-05-08 00:00:00', 83, 13),
(149, '2017-08-23 00:00:00', 4, 40),
(150, '2018-08-24 00:00:00', 18, 48),
(151, '2018-09-10 00:00:00', 57, 7),
(152, '2018-11-05 00:00:00', 99, 8),
(153, '2020-09-27 00:00:00', 21, 16),
(154, '2019-10-05 00:00:00', 42, 17),
(155, '2020-12-05 00:00:00', 51, 3),
(156, '2018-10-04 00:00:00', 90, 30),
(157, '2019-06-22 00:00:00', 55, 29),
(158, '2021-07-31 00:00:00', 33, 41),
(159, '2017-10-19 00:00:00', 92, 20),
(160, '2019-10-07 00:00:00', 22, 25),
(161, '2019-12-20 00:00:00', 25, 17),
(162, '2019-09-20 00:00:00', 77, 20),
(163, '2021-05-16 00:00:00', 84, 38),
(164, '2018-04-18 00:00:00', 72, 18),
(165, '2020-05-04 00:00:00', 40, 37),
(166, '2018-03-30 00:00:00', 30, 29),
(167, '2021-05-30 00:00:00', 83, 17),
(168, '2018-07-08 00:00:00', 30, 26),
(169, '2019-01-04 00:00:00', 31, 10),
(170, '2020-09-11 00:00:00', 38, 31),
(171, '2017-10-15 00:00:00', 37, 16),
(172, '2020-03-19 00:00:00', 81, 15),
(173, '2019-04-03 00:00:00', 57, 6),
(174, '2020-10-06 00:00:00', 88, 43),
(175, '2020-10-27 00:00:00', 94, 9),
(176, '2018-02-23 00:00:00', 96, 20),
(177, '2019-03-08 00:00:00', 7, 12),
(178, '2017-10-31 00:00:00', 80, 34),
(179, '2018-10-26 00:00:00', 5, 18),
(180, '2021-01-28 00:00:00', 57, 10),
(181, '2017-10-27 00:00:00', 69, 39),
(182, '2019-11-23 00:00:00', 55, 17),
(183, '2021-03-16 00:00:00', 42, 21),
(184, '2018-07-12 00:00:00', 21, 10),
(185, '2020-06-10 00:00:00', 23, 31),
(186, '2021-10-10 00:00:00', 90, 36),
(187, '2018-06-28 00:00:00', 14, 21),
(188, '2019-11-22 00:00:00', 48, 34),
(189, '2018-08-08 00:00:00', 34, 14),
(190, '2018-09-05 00:00:00', 52, 30),
(191, '2019-04-16 00:00:00', 34, 12),
(192, '2018-03-13 00:00:00', 69, 10),
(193, '2019-10-28 00:00:00', 64, 11),
(194, '2019-02-27 00:00:00', 45, 25),
(195, '2018-03-16 00:00:00', 83, 33),
(196, '2021-08-09 00:00:00', 22, 45),
(197, '2021-01-27 00:00:00', 58, 9),
(198, '2021-04-02 00:00:00', 20, 1),
(199, '2018-02-17 00:00:00', 22, 14),
(200, '2019-12-01 00:00:00', 39, 6),
(201, '2018-02-24 00:00:00', 69, 5),
(202, '2017-10-26 00:00:00', 72, 17),
(203, '2019-01-25 00:00:00', 92, 50),
(204, '2020-12-26 00:00:00', 47, 24),
(205, '2020-11-16 00:00:00', 8, 24),
(206, '2021-05-31 00:00:00', 58, 47),
(207, '2021-10-01 00:00:00', 49, 18),
(208, '2019-12-20 00:00:00', 32, 7),
(209, '2020-02-29 00:00:00', 56, 44),
(210, '2018-01-28 00:00:00', 76, 19),
(211, '2020-01-27 00:00:00', 38, 5),
(212, '2019-01-02 00:00:00', 79, 39),
(213, '2020-12-18 00:00:00', 17, 50),
(214, '2018-11-11 00:00:00', 27, 9),
(215, '2019-11-10 00:00:00', 7, 19),
(216, '2019-06-26 00:00:00', 47, 41),
(217, '2019-06-15 00:00:00', 24, 39),
(218, '2020-08-04 00:00:00', 21, 42),
(219, '2019-08-25 00:00:00', 94, 5),
(220, '2020-09-04 00:00:00', 93, 33),
(221, '2017-07-22 00:00:00', 94, 44),
(222, '2021-05-03 00:00:00', 79, 22),
(223, '2021-09-11 00:00:00', 44, 10),
(224, '2018-06-27 00:00:00', 49, 32),
(225, '2018-12-05 00:00:00', 84, 35),
(226, '2021-02-22 00:00:00', 72, 30),
(227, '2017-12-29 00:00:00', 84, 8),
(228, '2021-06-24 00:00:00', 4, 17),
(229, '2020-07-15 00:00:00', 46, 16),
(230, '2019-02-04 00:00:00', 50, 34),
(231, '2020-12-01 00:00:00', 85, 35),
(232, '2019-04-01 00:00:00', 47, 12),
(233, '2017-09-01 00:00:00', 1, 28),
(234, '2019-04-17 00:00:00', 57, 9),
(235, '2019-03-18 00:00:00', 70, 5),
(236, '2020-01-06 00:00:00', 35, 23),
(237, '2018-08-15 00:00:00', 92, 43),
(238, '2021-10-09 00:00:00', 59, 3),
(239, '2021-09-19 00:00:00', 57, 6),
(240, '2020-03-27 00:00:00', 60, 40),
(241, '2018-07-27 00:00:00', 89, 25),
(242, '2019-09-18 00:00:00', 38, 28),
(243, '2020-11-24 00:00:00', 47, 3),
(244, '2017-08-08 00:00:00', 27, 25),
(245, '2018-05-25 00:00:00', 55, 27),
(246, '2020-05-22 00:00:00', 76, 2),
(247, '2021-05-30 00:00:00', 64, 34),
(248, '2020-08-17 00:00:00', 49, 31),
(249, '2018-06-23 00:00:00', 47, 48),
(250, '2018-11-01 00:00:00', 23, 49),
(251, '2020-11-05 00:00:00', 91, 48),
(252, '2018-09-01 00:00:00', 4, 23),
(253, '2019-03-14 00:00:00', 51, 22),
(254, '2018-11-15 00:00:00', 57, 8),
(255, '2017-07-25 00:00:00', 28, 12),
(256, '2021-05-07 00:00:00', 45, 5),
(257, '2021-04-02 00:00:00', 72, 30),
(258, '2021-02-07 00:00:00', 48, 34),
(259, '2017-11-02 00:00:00', 11, 3),
(260, '2020-05-17 00:00:00', 73, 16),
(261, '2019-03-20 00:00:00', 83, 11),
(262, '2021-04-15 00:00:00', 4, 15),
(263, '2020-12-05 00:00:00', 66, 15),
(264, '2018-03-17 00:00:00', 18, 42),
(265, '2017-12-22 00:00:00', 68, 34),
(266, '2019-11-06 00:00:00', 45, 23),
(267, '2021-09-30 00:00:00', 43, 44),
(268, '2020-08-02 00:00:00', 83, 49),
(269, '2021-10-21 00:00:00', 83, 35),
(270, '2020-12-25 00:00:00', 30, 32),
(271, '2019-10-29 00:00:00', 18, 27),
(272, '2019-06-16 00:00:00', 42, 41),
(273, '2021-03-19 00:00:00', 35, 27),
(274, '2021-10-18 00:00:00', 4, 8),
(275, '2018-02-26 00:00:00', 83, 43),
(276, '2018-08-23 00:00:00', 86, 25),
(277, '2018-06-09 00:00:00', 30, 36),
(278, '2018-04-30 00:00:00', 2, 28),
(279, '2019-01-18 00:00:00', 3, 7),
(280, '2017-11-09 00:00:00', 9, 27),
(281, '2018-05-05 00:00:00', 12, 27),
(282, '2017-12-15 00:00:00', 94, 19),
(283, '2019-09-08 00:00:00', 47, 36),
(284, '2021-07-02 00:00:00', 18, 45),
(285, '2020-06-11 00:00:00', 80, 17),
(286, '2020-08-26 00:00:00', 80, 30),
(287, '2017-12-19 00:00:00', 15, 24),
(288, '2018-10-23 00:00:00', 6, 8),
(289, '2019-02-09 00:00:00', 63, 37),
(290, '2020-03-28 00:00:00', 40, 20),
(291, '2017-11-22 00:00:00', 60, 4),
(292, '2019-02-05 00:00:00', 36, 23),
(293, '2020-01-05 00:00:00', 22, 3),
(294, '2017-11-21 00:00:00', 28, 39),
(295, '2018-11-07 00:00:00', 15, 46),
(296, '2018-06-16 00:00:00', 55, 49),
(297, '2019-05-27 00:00:00', 48, 18),
(298, '2019-07-08 00:00:00', 49, 18),
(299, '2020-10-01 00:00:00', 16, 3),
(300, '2019-10-26 00:00:00', 81, 21),
(301, '2020-12-06 00:00:00', 59, 40),
(302, '2018-03-30 00:00:00', 19, 30),
(303, '2019-05-21 00:00:00', 9, 44),
(304, '2019-12-14 00:00:00', 82, 40),
(305, '2019-05-09 00:00:00', 24, 4),
(306, '2020-10-25 00:00:00', 6, 1),
(307, '2019-06-27 00:00:00', 95, 25),
(308, '2019-03-02 00:00:00', 38, 44),
(309, '2020-08-22 00:00:00', 4, 4),
(310, '2018-06-08 00:00:00', 13, 4),
(311, '2020-02-28 00:00:00', 4, 40),
(312, '2020-01-16 00:00:00', 83, 43),
(313, '2020-05-25 00:00:00', 15, 32),
(314, '2018-09-27 00:00:00', 5, 23),
(315, '2020-12-03 00:00:00', 40, 46),
(316, '2021-03-07 00:00:00', 23, 9),
(317, '2018-03-11 00:00:00', 2, 45),
(318, '2019-10-12 00:00:00', 55, 12),
(319, '2020-03-23 00:00:00', 87, 33),
(320, '2018-05-12 00:00:00', 3, 38),
(321, '2019-09-16 00:00:00', 32, 22),
(322, '2021-10-23 00:00:00', 57, 4),
(323, '2021-07-21 00:00:00', 62, 46),
(324, '2017-09-26 00:00:00', 29, 12),
(325, '2020-02-15 00:00:00', 64, 18),
(326, '2021-04-19 00:00:00', 41, 18),
(327, '2019-03-22 00:00:00', 98, 30),
(328, '2017-09-17 00:00:00', 12, 21),
(329, '2021-03-07 00:00:00', 20, 22),
(330, '2021-10-14 00:00:00', 11, 11),
(331, '2019-11-07 00:00:00', 32, 33),
(332, '2017-11-01 00:00:00', 23, 37),
(333, '2020-09-13 00:00:00', 60, 10),
(334, '2019-12-12 00:00:00', 52, 2),
(335, '2021-06-20 00:00:00', 76, 14),
(336, '2020-08-25 00:00:00', 72, 21),
(337, '2018-06-08 00:00:00', 1, 36),
(338, '2020-02-19 00:00:00', 17, 26),
(339, '2018-03-31 00:00:00', 51, 35),
(340, '2018-08-22 00:00:00', 30, 21),
(341, '2017-07-14 00:00:00', 21, 7),
(342, '2020-04-03 00:00:00', 36, 18),
(343, '2018-09-17 00:00:00', 50, 1),
(344, '2021-03-29 00:00:00', 58, 29),
(345, '2020-12-21 00:00:00', 93, 4),
(346, '2018-06-23 00:00:00', 13, 48),
(347, '2019-05-12 00:00:00', 57, 42),
(348, '2020-09-16 00:00:00', 64, 49),
(349, '2020-02-08 00:00:00', 60, 2),
(350, '2019-09-03 00:00:00', 96, 38),
(351, '2021-07-29 00:00:00', 63, 39),
(352, '2021-03-28 00:00:00', 80, 29),
(353, '2018-04-16 00:00:00', 17, 33),
(354, '2021-08-22 00:00:00', 60, 27),
(355, '2021-01-02 00:00:00', 34, 35),
(356, '2021-01-01 00:00:00', 63, 43),
(357, '2021-06-25 00:00:00', 75, 21),
(358, '2018-07-15 00:00:00', 62, 38),
(359, '2018-11-07 00:00:00', 77, 48),
(360, '2019-01-10 00:00:00', 61, 39),
(361, '2020-04-07 00:00:00', 23, 1),
(362, '2020-10-13 00:00:00', 87, 8),
(363, '2020-09-21 00:00:00', 19, 35),
(364, '2018-11-24 00:00:00', 28, 10),
(365, '2018-09-07 00:00:00', 38, 44),
(366, '2019-10-25 00:00:00', 5, 13),
(367, '2017-10-18 00:00:00', 34, 22),
(368, '2017-08-08 00:00:00', 36, 42),
(369, '2020-12-19 00:00:00', 49, 14),
(370, '2019-11-22 00:00:00', 4, 26),
(371, '2018-09-25 00:00:00', 41, 28),
(372, '2019-05-22 00:00:00', 54, 46),
(373, '2019-12-17 00:00:00', 46, 30),
(374, '2019-11-18 00:00:00', 93, 44),
(375, '2017-11-07 00:00:00', 96, 33),
(376, '2019-05-22 00:00:00', 67, 14),
(377, '2018-02-02 00:00:00', 93, 34),
(378, '2019-08-28 00:00:00', 27, 24),
(379, '2021-02-22 00:00:00', 91, 13),
(380, '2018-06-02 00:00:00', 17, 2),
(381, '2019-08-04 00:00:00', 65, 41),
(382, '2020-05-21 00:00:00', 79, 28),
(383, '2018-10-08 00:00:00', 89, 44),
(384, '2021-04-27 00:00:00', 85, 17),
(385, '2019-05-04 00:00:00', 28, 14),
(386, '2021-01-17 00:00:00', 50, 49),
(387, '2017-12-27 00:00:00', 75, 42),
(388, '2018-07-25 00:00:00', 41, 9),
(389, '2021-08-10 00:00:00', 30, 17),
(390, '2017-10-22 00:00:00', 28, 11),
(391, '2018-01-30 00:00:00', 6, 36),
(392, '2017-11-26 00:00:00', 59, 29),
(393, '2018-10-10 00:00:00', 77, 26),
(394, '2017-09-23 00:00:00', 57, 27),
(395, '2021-03-29 00:00:00', 69, 22),
(396, '2020-11-20 00:00:00', 61, 47),
(397, '2020-08-14 00:00:00', 12, 19),
(398, '2021-03-12 00:00:00', 11, 14),
(399, '2019-11-11 00:00:00', 51, 49),
(400, '2019-08-27 00:00:00', 43, 44),
(401, '2018-11-20 00:00:00', 38, 33),
(402, '2021-02-28 00:00:00', 5, 45),
(403, '2020-11-14 00:00:00', 71, 9),
(404, '2018-03-03 00:00:00', 90, 45),
(405, '2019-11-23 00:00:00', 47, 16),
(406, '2019-09-24 00:00:00', 100, 13),
(407, '2019-01-12 00:00:00', 50, 42),
(408, '2017-07-25 00:00:00', 63, 38),
(409, '2019-11-22 00:00:00', 80, 35),
(410, '2019-10-20 00:00:00', 63, 12),
(411, '2020-09-03 00:00:00', 23, 19),
(412, '2020-02-21 00:00:00', 36, 23),
(413, '2018-09-01 00:00:00', 55, 5),
(414, '2019-08-08 00:00:00', 52, 18),
(415, '2021-05-02 00:00:00', 85, 41),
(416, '2017-07-19 00:00:00', 67, 48),
(417, '2020-06-15 00:00:00', 75, 16),
(418, '2018-03-08 00:00:00', 34, 45),
(419, '2019-12-27 00:00:00', 87, 13),
(420, '2018-11-11 00:00:00', 1, 22),
(421, '2019-12-14 00:00:00', 15, 30),
(422, '2019-07-13 00:00:00', 19, 28),
(423, '2017-12-18 00:00:00', 70, 40),
(424, '2019-07-22 00:00:00', 56, 11),
(425, '2021-07-19 00:00:00', 93, 14),
(426, '2020-08-04 00:00:00', 39, 44),
(427, '2018-11-07 00:00:00', 15, 45),
(428, '2020-03-07 00:00:00', 81, 5),
(429, '2017-12-25 00:00:00', 24, 15),
(430, '2020-04-05 00:00:00', 64, 29),
(431, '2018-07-20 00:00:00', 100, 6),
(432, '2017-11-20 00:00:00', 15, 9),
(433, '2019-02-08 00:00:00', 22, 20),
(434, '2017-08-13 00:00:00', 8, 6),
(435, '2018-01-19 00:00:00', 60, 3),
(436, '2018-01-09 00:00:00', 90, 3),
(437, '2019-05-07 00:00:00', 95, 8),
(438, '2018-03-31 00:00:00', 97, 17),
(439, '2019-06-12 00:00:00', 88, 6),
(440, '2021-03-26 00:00:00', 41, 41),
(441, '2018-01-09 00:00:00', 46, 33),
(442, '2021-01-10 00:00:00', 77, 35),
(443, '2020-12-15 00:00:00', 5, 6),
(444, '2017-08-27 00:00:00', 14, 4),
(445, '2019-06-22 00:00:00', 59, 25),
(446, '2019-08-18 00:00:00', 24, 50),
(447, '2019-09-08 00:00:00', 82, 5),
(448, '2020-07-29 00:00:00', 89, 14),
(449, '2019-06-03 00:00:00', 51, 9),
(450, '2020-11-01 00:00:00', 35, 8),
(451, '2018-04-17 00:00:00', 45, 41),
(452, '2019-05-03 00:00:00', 18, 37),
(453, '2019-12-26 00:00:00', 100, 24),
(454, '2019-06-30 00:00:00', 7, 45),
(455, '2021-01-10 00:00:00', 74, 45),
(456, '2019-08-08 00:00:00', 44, 25),
(457, '2018-11-09 00:00:00', 79, 44),
(458, '2018-12-14 00:00:00', 9, 19),
(459, '2018-07-09 00:00:00', 73, 20),
(460, '2020-02-20 00:00:00', 20, 9),
(461, '2020-01-08 00:00:00', 81, 3),
(462, '2020-08-27 00:00:00', 65, 1),
(463, '2021-02-16 00:00:00', 17, 43),
(464, '2018-11-11 00:00:00', 95, 7),
(465, '2017-11-25 00:00:00', 33, 30),
(466, '2020-02-02 00:00:00', 18, 47),
(467, '2020-08-17 00:00:00', 67, 20),
(468, '2018-12-09 00:00:00', 24, 26),
(469, '2020-04-01 00:00:00', 74, 26),
(470, '2021-03-16 00:00:00', 98, 50),
(471, '2020-02-14 00:00:00', 47, 25),
(472, '2020-11-06 00:00:00', 75, 29),
(473, '2019-01-27 00:00:00', 41, 20),
(474, '2018-11-19 00:00:00', 38, 6),
(475, '2017-12-17 00:00:00', 90, 49),
(476, '2019-11-10 00:00:00', 63, 35),
(477, '2019-12-12 00:00:00', 7, 5),
(478, '2020-09-26 00:00:00', 32, 20),
(479, '2021-08-01 00:00:00', 77, 20),
(480, '2018-10-08 00:00:00', 24, 6),
(481, '2018-05-19 00:00:00', 72, 24),
(482, '2020-05-22 00:00:00', 17, 45),
(483, '2019-06-13 00:00:00', 87, 28),
(484, '2021-08-05 00:00:00', 12, 8),
(485, '2017-12-04 00:00:00', 57, 12),
(486, '2018-06-14 00:00:00', 63, 34),
(487, '2019-02-05 00:00:00', 64, 10),
(488, '2018-01-31 00:00:00', 31, 23),
(489, '2017-12-16 00:00:00', 4, 48),
(490, '2018-10-01 00:00:00', 39, 35),
(491, '2021-10-15 00:00:00', 23, 13),
(492, '2020-11-01 00:00:00', 64, 33),
(493, '2020-10-22 00:00:00', 19, 48),
(494, '2018-04-16 00:00:00', 79, 17),
(495, '2018-02-21 00:00:00', 93, 29),
(496, '2020-04-30 00:00:00', 51, 18),
(497, '2019-06-29 00:00:00', 66, 17),
(498, '2020-07-19 00:00:00', 98, 33),
(499, '2020-10-26 00:00:00', 18, 33),
(500, '2020-08-20 00:00:00', 59, 23),
(501, '2020-06-12 00:00:00', 54, 1),
(502, '2018-05-21 00:00:00', 87, 31),
(503, '2020-08-21 00:00:00', 57, 26),
(504, '2019-05-29 00:00:00', 26, 30),
(505, '2018-08-29 00:00:00', 47, 15),
(506, '2019-09-08 00:00:00', 33, 46),
(507, '2018-02-21 00:00:00', 18, 27),
(508, '2018-03-17 00:00:00', 11, 30),
(509, '2019-11-05 00:00:00', 39, 16),
(510, '2020-06-11 00:00:00', 9, 35),
(511, '2021-07-22 00:00:00', 85, 1),
(512, '2020-09-19 00:00:00', 29, 3),
(513, '2020-10-28 00:00:00', 66, 47),
(514, '2021-04-02 00:00:00', 1, 11),
(515, '2019-09-18 00:00:00', 16, 29),
(516, '2021-04-05 00:00:00', 29, 34),
(517, '2019-10-06 00:00:00', 17, 33),
(518, '2017-07-10 00:00:00', 34, 32),
(519, '2018-09-14 00:00:00', 47, 44),
(520, '2017-07-10 00:00:00', 37, 32),
(521, '2019-08-09 00:00:00', 35, 41),
(522, '2019-08-11 00:00:00', 5, 3),
(523, '2018-10-29 00:00:00', 94, 11),
(524, '2018-10-23 00:00:00', 61, 17),
(525, '2021-10-12 00:00:00', 13, 17),
(526, '2019-06-15 00:00:00', 70, 43),
(527, '2019-08-20 00:00:00', 13, 9),
(528, '2020-11-11 00:00:00', 39, 45),
(529, '2021-06-22 00:00:00', 18, 48),
(530, '2019-01-01 00:00:00', 39, 22),
(531, '2018-02-21 00:00:00', 79, 33),
(532, '2020-12-08 00:00:00', 61, 22),
(533, '2020-03-26 00:00:00', 19, 29),
(534, '2018-08-28 00:00:00', 29, 13),
(535, '2019-12-25 00:00:00', 58, 11),
(536, '2020-10-23 00:00:00', 89, 11),
(537, '2019-12-28 00:00:00', 53, 13),
(538, '2018-07-22 00:00:00', 15, 5),
(539, '2020-10-20 00:00:00', 79, 39),
(540, '2021-06-14 00:00:00', 91, 12),
(541, '2018-09-03 00:00:00', 64, 9),
(542, '2020-08-08 00:00:00', 30, 22),
(543, '2018-10-18 00:00:00', 88, 6),
(544, '2019-09-25 00:00:00', 65, 38),
(545, '2020-06-26 00:00:00', 41, 33),
(546, '2017-09-26 00:00:00', 58, 9),
(547, '2018-05-26 00:00:00', 36, 44),
(548, '2019-04-13 00:00:00', 7, 45),
(549, '2020-01-23 00:00:00', 48, 48),
(550, '2020-11-29 00:00:00', 18, 43),
(551, '2020-06-01 00:00:00', 41, 18),
(552, '2018-08-23 00:00:00', 49, 44),
(553, '2020-09-09 00:00:00', 34, 3),
(554, '2020-06-20 00:00:00', 94, 47),
(555, '2017-09-01 00:00:00', 87, 37),
(556, '2020-01-03 00:00:00', 83, 7),
(557, '2019-08-18 00:00:00', 9, 9),
(558, '2019-01-09 00:00:00', 91, 24),
(559, '2018-03-02 00:00:00', 84, 7),
(560, '2019-06-30 00:00:00', 100, 48),
(561, '2017-08-06 00:00:00', 100, 28),
(562, '2019-07-23 00:00:00', 91, 34),
(563, '2018-06-15 00:00:00', 91, 7),
(564, '2018-06-01 00:00:00', 23, 4),
(565, '2020-08-10 00:00:00', 23, 13),
(566, '2021-07-20 00:00:00', 65, 3),
(567, '2019-01-12 00:00:00', 16, 17),
(568, '2017-09-02 00:00:00', 13, 36),
(569, '2020-11-16 00:00:00', 53, 19),
(570, '2020-12-29 00:00:00', 5, 21),
(571, '2017-07-18 00:00:00', 25, 30),
(572, '2020-10-15 00:00:00', 73, 2),
(573, '2020-08-03 00:00:00', 84, 29),
(574, '2021-01-31 00:00:00', 32, 40),
(575, '2021-05-26 00:00:00', 89, 1),
(576, '2018-01-28 00:00:00', 89, 42),
(577, '2019-10-05 00:00:00', 72, 26),
(578, '2018-11-16 00:00:00', 81, 35),
(579, '2020-09-02 00:00:00', 34, 2),
(580, '2021-01-10 00:00:00', 46, 2),
(581, '2019-03-19 00:00:00', 67, 28),
(582, '2020-11-09 00:00:00', 17, 49),
(583, '2021-02-01 00:00:00', 4, 29),
(584, '2021-09-12 00:00:00', 83, 10),
(585, '2019-11-18 00:00:00', 38, 30),
(586, '2020-01-08 00:00:00', 50, 24),
(587, '2020-02-09 00:00:00', 32, 6),
(588, '2019-01-09 00:00:00', 95, 30),
(589, '2019-10-01 00:00:00', 19, 29),
(590, '2021-04-05 00:00:00', 58, 7),
(591, '2018-05-10 00:00:00', 12, 21),
(592, '2018-01-10 00:00:00', 86, 14),
(593, '2018-01-29 00:00:00', 24, 35),
(594, '2018-03-19 00:00:00', 48, 33),
(595, '2018-04-10 00:00:00', 87, 42),
(596, '2020-05-31 00:00:00', 7, 26),
(597, '2018-11-11 00:00:00', 86, 13),
(598, '2019-08-04 00:00:00', 14, 32),
(599, '2020-10-03 00:00:00', 82, 29),
(600, '2021-08-08 00:00:00', 5, 41),
(601, '2019-01-08 00:00:00', 14, 5),
(602, '2019-12-06 00:00:00', 61, 4),
(603, '2020-05-14 00:00:00', 17, 6),
(604, '2017-10-20 00:00:00', 8, 23),
(605, '2020-12-12 00:00:00', 70, 37),
(606, '2019-05-24 00:00:00', 16, 45),
(607, '2020-03-04 00:00:00', 46, 19),
(608, '2017-09-16 00:00:00', 98, 9),
(609, '2018-09-04 00:00:00', 23, 16),
(610, '2020-03-23 00:00:00', 79, 38),
(611, '2020-08-18 00:00:00', 88, 50),
(612, '2021-01-14 00:00:00', 23, 18),
(613, '2020-05-08 00:00:00', 59, 22),
(614, '2019-02-04 00:00:00', 97, 18),
(615, '2019-12-22 00:00:00', 71, 2),
(616, '2017-09-17 00:00:00', 70, 24),
(617, '2018-12-07 00:00:00', 86, 44),
(618, '2017-11-26 00:00:00', 84, 14),
(619, '2017-07-09 00:00:00', 12, 21),
(620, '2021-02-06 00:00:00', 37, 2),
(621, '2021-04-11 00:00:00', 10, 11),
(622, '2020-03-11 00:00:00', 79, 48),
(623, '2019-10-24 00:00:00', 67, 49),
(624, '2017-11-29 00:00:00', 48, 24),
(625, '2017-10-10 00:00:00', 34, 39),
(626, '2021-01-23 00:00:00', 10, 27),
(627, '2020-06-05 00:00:00', 16, 34),
(628, '2019-09-08 00:00:00', 41, 21),
(629, '2020-11-07 00:00:00', 62, 46),
(630, '2017-12-21 00:00:00', 77, 48),
(631, '2021-05-22 00:00:00', 29, 45),
(632, '2019-01-07 00:00:00', 12, 46),
(633, '2021-07-08 00:00:00', 67, 33),
(634, '2020-03-31 00:00:00', 15, 17),
(635, '2019-12-30 00:00:00', 81, 48),
(636, '2021-07-09 00:00:00', 45, 31),
(637, '2020-06-08 00:00:00', 76, 23),
(638, '2017-07-16 00:00:00', 78, 35),
(639, '2020-04-03 00:00:00', 22, 41),
(640, '2020-07-31 00:00:00', 85, 28),
(641, '2018-10-13 00:00:00', 61, 7),
(642, '2019-03-17 00:00:00', 77, 13),
(643, '2018-01-28 00:00:00', 18, 26),
(644, '2021-08-29 00:00:00', 21, 15),
(645, '2021-10-21 00:00:00', 100, 35),
(646, '2017-11-24 00:00:00', 27, 11),
(647, '2021-05-28 00:00:00', 36, 35),
(648, '2020-06-14 00:00:00', 90, 35),
(649, '2020-10-26 00:00:00', 64, 48),
(650, '2018-07-27 00:00:00', 45, 29),
(651, '2021-08-18 00:00:00', 16, 12),
(652, '2021-02-08 00:00:00', 93, 50),
(653, '2020-11-07 00:00:00', 65, 34),
(654, '2018-03-11 00:00:00', 51, 1),
(655, '2021-02-19 00:00:00', 23, 40),
(656, '2020-02-10 00:00:00', 19, 42),
(657, '2021-05-06 00:00:00', 7, 10),
(658, '2018-07-12 00:00:00', 84, 27),
(659, '2020-04-13 00:00:00', 32, 32),
(660, '2021-07-26 00:00:00', 36, 15),
(661, '2019-03-02 00:00:00', 23, 38),
(662, '2018-05-01 00:00:00', 31, 40),
(663, '2019-08-09 00:00:00', 89, 21),
(664, '2021-03-02 00:00:00', 6, 50),
(665, '2019-09-24 00:00:00', 9, 34),
(666, '2019-08-11 00:00:00', 79, 31),
(667, '2019-10-06 00:00:00', 4, 46),
(668, '2020-01-28 00:00:00', 75, 44),
(669, '2019-08-13 00:00:00', 66, 16),
(670, '2018-12-24 00:00:00', 26, 21),
(671, '2019-12-09 00:00:00', 20, 7),
(672, '2019-06-19 00:00:00', 90, 4),
(673, '2021-05-20 00:00:00', 15, 26),
(674, '2021-06-13 00:00:00', 74, 22),
(675, '2020-07-17 00:00:00', 92, 31),
(676, '2018-02-14 00:00:00', 93, 47),
(677, '2020-09-06 00:00:00', 62, 48),
(678, '2020-12-23 00:00:00', 7, 7),
(679, '2018-03-15 00:00:00', 89, 14),
(680, '2021-05-10 00:00:00', 45, 48),
(681, '2020-11-03 00:00:00', 41, 16),
(682, '2021-09-23 00:00:00', 34, 38),
(683, '2018-04-24 00:00:00', 1, 33),
(684, '2020-03-17 00:00:00', 23, 18),
(685, '2017-09-28 00:00:00', 98, 2),
(686, '2020-12-13 00:00:00', 35, 20),
(687, '2018-03-03 00:00:00', 30, 10),
(688, '2018-11-01 00:00:00', 66, 29),
(689, '2018-06-27 00:00:00', 79, 47),
(690, '2020-03-07 00:00:00', 79, 20),
(691, '2018-07-09 00:00:00', 98, 7),
(692, '2020-07-21 00:00:00', 27, 17),
(693, '2020-04-13 00:00:00', 46, 20),
(694, '2021-06-16 00:00:00', 38, 34),
(695, '2021-06-15 00:00:00', 40, 45),
(696, '2018-08-20 00:00:00', 25, 35),
(697, '2021-05-22 00:00:00', 61, 2),
(698, '2020-12-14 00:00:00', 89, 15),
(699, '2018-04-24 00:00:00', 57, 18),
(700, '2020-05-24 00:00:00', 12, 48),
(701, '2017-09-04 00:00:00', 88, 20),
(702, '2018-11-01 00:00:00', 21, 17),
(703, '2018-10-12 00:00:00', 61, 34),
(704, '2018-03-13 00:00:00', 12, 50),
(705, '2017-07-20 00:00:00', 68, 19),
(706, '2021-08-12 00:00:00', 45, 3),
(707, '2020-06-18 00:00:00', 45, 15),
(708, '2017-08-14 00:00:00', 99, 26),
(709, '2019-10-08 00:00:00', 55, 32),
(710, '2018-08-04 00:00:00', 24, 43),
(711, '2021-10-06 00:00:00', 77, 5),
(712, '2021-08-24 00:00:00', 63, 42),
(713, '2021-10-16 00:00:00', 92, 7),
(714, '2021-03-03 00:00:00', 44, 11),
(715, '2020-12-02 00:00:00', 22, 2),
(716, '2017-10-11 00:00:00', 55, 33),
(717, '2019-10-26 00:00:00', 8, 19),
(718, '2018-09-21 00:00:00', 92, 16),
(719, '2021-04-22 00:00:00', 75, 19),
(720, '2019-10-15 00:00:00', 16, 18),
(721, '2020-06-26 00:00:00', 94, 10),
(722, '2021-05-24 00:00:00', 10, 21),
(723, '2018-01-19 00:00:00', 22, 35),
(724, '2020-10-26 00:00:00', 63, 36),
(725, '2017-11-29 00:00:00', 62, 19),
(726, '2019-06-07 00:00:00', 43, 46),
(727, '2019-02-27 00:00:00', 88, 6),
(728, '2020-02-06 00:00:00', 16, 11),
(729, '2019-04-12 00:00:00', 39, 34),
(730, '2018-12-04 00:00:00', 5, 48),
(731, '2017-12-28 00:00:00', 83, 14),
(732, '2019-06-05 00:00:00', 49, 40),
(733, '2019-11-08 00:00:00', 70, 26),
(734, '2020-11-05 00:00:00', 83, 49),
(735, '2019-07-13 00:00:00', 65, 13),
(736, '2019-02-01 00:00:00', 3, 49),
(737, '2020-11-04 00:00:00', 10, 5),
(738, '2020-09-05 00:00:00', 63, 31),
(739, '2021-02-05 00:00:00', 27, 48),
(740, '2019-05-09 00:00:00', 11, 33),
(741, '2021-01-29 00:00:00', 91, 33),
(742, '2021-09-30 00:00:00', 10, 20),
(743, '2018-04-23 00:00:00', 89, 34),
(744, '2020-05-04 00:00:00', 82, 49),
(745, '2017-12-06 00:00:00', 43, 20),
(746, '2020-07-03 00:00:00', 37, 19),
(747, '2021-02-08 00:00:00', 42, 18),
(748, '2018-10-09 00:00:00', 55, 47),
(749, '2017-10-16 00:00:00', 19, 44),
(750, '2021-04-05 00:00:00', 37, 1),
(751, '2020-01-30 00:00:00', 43, 40),
(752, '2018-07-12 00:00:00', 24, 18),
(753, '2021-08-10 00:00:00', 83, 1),
(754, '2020-12-03 00:00:00', 76, 3),
(755, '2018-01-27 00:00:00', 79, 32),
(756, '2018-06-20 00:00:00', 11, 21),
(757, '2018-09-02 00:00:00', 99, 17),
(758, '2018-07-17 00:00:00', 83, 1),
(759, '2018-06-04 00:00:00', 24, 16),
(760, '2021-07-28 00:00:00', 33, 12),
(761, '2018-07-14 00:00:00', 11, 30),
(762, '2017-12-21 00:00:00', 82, 46),
(763, '2019-07-02 00:00:00', 8, 26),
(764, '2019-07-07 00:00:00', 62, 13),
(765, '2020-11-26 00:00:00', 59, 33),
(766, '2020-11-17 00:00:00', 71, 33),
(767, '2020-11-25 00:00:00', 12, 15),
(768, '2018-09-20 00:00:00', 48, 14),
(769, '2019-01-30 00:00:00', 8, 5),
(770, '2018-06-04 00:00:00', 76, 19),
(771, '2018-11-28 00:00:00', 74, 12),
(772, '2021-03-17 00:00:00', 44, 27),
(773, '2018-04-08 00:00:00', 83, 43),
(774, '2017-07-06 00:00:00', 82, 8),
(775, '2018-09-10 00:00:00', 10, 43),
(776, '2021-01-23 00:00:00', 12, 8),
(777, '2020-07-06 00:00:00', 3, 8),
(778, '2020-09-27 00:00:00', 87, 21),
(779, '2017-12-19 00:00:00', 91, 36),
(780, '2021-09-20 00:00:00', 16, 31),
(781, '2020-04-13 00:00:00', 24, 48),
(782, '2017-10-14 00:00:00', 56, 1),
(783, '2020-01-26 00:00:00', 27, 15),
(784, '2020-03-31 00:00:00', 11, 9),
(785, '2018-12-20 00:00:00', 63, 19),
(786, '2019-05-19 00:00:00', 22, 11),
(787, '2020-07-14 00:00:00', 13, 46),
(788, '2020-05-17 00:00:00', 46, 13),
(789, '2021-10-11 00:00:00', 6, 48),
(790, '2019-10-13 00:00:00', 50, 48),
(791, '2019-10-14 00:00:00', 69, 25),
(792, '2019-09-20 00:00:00', 34, 33),
(793, '2021-01-09 00:00:00', 41, 5),
(794, '2020-03-25 00:00:00', 67, 23),
(795, '2020-02-22 00:00:00', 22, 35),
(796, '2021-05-30 00:00:00', 88, 19),
(797, '2021-05-12 00:00:00', 3, 33),
(798, '2020-08-14 00:00:00', 50, 7),
(799, '2020-05-13 00:00:00', 64, 45),
(800, '2018-11-16 00:00:00', 97, 28),
(801, '2019-09-01 00:00:00', 16, 12),
(802, '2020-09-22 00:00:00', 12, 10),
(803, '2019-07-18 00:00:00', 52, 48),
(804, '2018-08-23 00:00:00', 97, 23),
(805, '2018-03-09 00:00:00', 38, 38),
(806, '2019-08-07 00:00:00', 86, 17),
(807, '2021-06-10 00:00:00', 60, 8),
(808, '2019-01-09 00:00:00', 87, 5),
(809, '2018-09-10 00:00:00', 21, 1),
(810, '2019-07-13 00:00:00', 77, 40),
(811, '2018-12-24 00:00:00', 97, 22),
(812, '2017-12-08 00:00:00', 41, 33),
(813, '2020-10-15 00:00:00', 11, 15),
(814, '2020-08-27 00:00:00', 15, 10),
(815, '2017-11-11 00:00:00', 7, 16),
(816, '2020-02-20 00:00:00', 58, 35),
(817, '2020-09-21 00:00:00', 86, 33),
(818, '2021-09-28 00:00:00', 89, 40),
(819, '2018-05-20 00:00:00', 3, 41),
(820, '2017-10-16 00:00:00', 90, 44),
(821, '2019-01-21 00:00:00', 25, 27),
(822, '2021-05-17 00:00:00', 71, 37),
(823, '2021-05-29 00:00:00', 51, 38),
(824, '2018-03-11 00:00:00', 78, 40),
(825, '2020-11-28 00:00:00', 94, 28),
(826, '2018-11-26 00:00:00', 22, 30),
(827, '2020-11-27 00:00:00', 69, 17),
(828, '2020-08-17 00:00:00', 12, 19),
(829, '2019-08-23 00:00:00', 5, 1),
(830, '2020-10-27 00:00:00', 57, 34),
(831, '2020-03-22 00:00:00', 84, 24),
(832, '2020-12-25 00:00:00', 40, 14),
(833, '2019-05-22 00:00:00', 30, 18),
(834, '2020-01-28 00:00:00', 11, 28),
(835, '2019-09-10 00:00:00', 45, 21),
(836, '2020-05-14 00:00:00', 78, 5),
(837, '2018-03-31 00:00:00', 40, 18),
(838, '2020-06-29 00:00:00', 53, 21),
(839, '2019-03-20 00:00:00', 83, 40),
(840, '2017-08-09 00:00:00', 64, 1),
(841, '2019-11-15 00:00:00', 31, 22),
(842, '2020-08-16 00:00:00', 48, 7),
(843, '2017-11-26 00:00:00', 39, 47),
(844, '2018-04-02 00:00:00', 13, 46),
(845, '2018-02-01 00:00:00', 23, 48),
(846, '2021-04-11 00:00:00', 86, 27),
(847, '2021-01-21 00:00:00', 31, 20),
(848, '2020-12-26 00:00:00', 86, 8),
(849, '2018-09-05 00:00:00', 75, 18),
(850, '2017-11-26 00:00:00', 99, 24),
(851, '2017-09-15 00:00:00', 8, 39),
(852, '2019-06-23 00:00:00', 57, 33),
(853, '2021-04-15 00:00:00', 53, 15),
(854, '2018-06-01 00:00:00', 93, 39),
(855, '2017-11-13 00:00:00', 93, 12),
(856, '2020-06-03 00:00:00', 94, 30),
(857, '2021-04-03 00:00:00', 28, 24),
(858, '2020-03-16 00:00:00', 45, 45),
(859, '2017-07-06 00:00:00', 32, 11),
(860, '2021-05-09 00:00:00', 65, 30),
(861, '2020-06-16 00:00:00', 21, 20),
(862, '2018-02-08 00:00:00', 79, 23),
(863, '2020-10-12 00:00:00', 93, 39),
(864, '2017-12-28 00:00:00', 48, 33),
(865, '2021-01-03 00:00:00', 87, 18),
(866, '2018-08-13 00:00:00', 24, 43),
(867, '2021-05-24 00:00:00', 1, 48),
(868, '2020-01-17 00:00:00', 5, 21),
(869, '2020-10-11 00:00:00', 54, 27),
(870, '2018-05-12 00:00:00', 9, 13),
(871, '2021-01-29 00:00:00', 75, 4),
(872, '2021-05-11 00:00:00', 25, 3),
(873, '2019-03-24 00:00:00', 36, 42),
(874, '2020-02-09 00:00:00', 2, 34),
(875, '2019-04-21 00:00:00', 16, 12),
(876, '2020-05-12 00:00:00', 20, 14),
(877, '2017-10-23 00:00:00', 73, 13),
(878, '2019-06-09 00:00:00', 36, 35),
(879, '2019-04-21 00:00:00', 1, 1),
(880, '2020-02-20 00:00:00', 8, 42),
(881, '2018-12-07 00:00:00', 67, 19),
(882, '2020-12-03 00:00:00', 79, 9),
(883, '2021-05-14 00:00:00', 55, 29),
(884, '2019-10-25 00:00:00', 35, 11),
(885, '2019-08-03 00:00:00', 23, 23),
(886, '2018-09-01 00:00:00', 27, 19),
(887, '2020-02-11 00:00:00', 94, 32),
(888, '2017-10-01 00:00:00', 46, 48),
(889, '2018-04-20 00:00:00', 25, 13),
(890, '2020-04-30 00:00:00', 49, 22),
(891, '2017-07-20 00:00:00', 45, 48),
(892, '2019-05-17 00:00:00', 6, 27),
(893, '2017-12-14 00:00:00', 28, 12),
(894, '2021-03-16 00:00:00', 19, 38),
(895, '2018-12-31 00:00:00', 83, 26),
(896, '2021-10-15 00:00:00', 67, 1),
(897, '2021-01-04 00:00:00', 79, 29),
(898, '2019-09-19 00:00:00', 14, 11),
(899, '2018-09-14 00:00:00', 24, 5),
(900, '2017-12-13 00:00:00', 79, 35),
(901, '2020-03-20 00:00:00', 16, 16),
(902, '2018-11-15 00:00:00', 48, 6),
(903, '2021-01-03 00:00:00', 53, 19),
(904, '2021-04-30 00:00:00', 97, 3),
(905, '2019-01-01 00:00:00', 36, 45),
(906, '2018-03-27 00:00:00', 45, 26),
(907, '2020-01-29 00:00:00', 76, 38),
(908, '2018-06-04 00:00:00', 34, 34),
(909, '2021-08-30 00:00:00', 27, 38),
(910, '2020-01-09 00:00:00', 23, 31),
(911, '2021-09-30 00:00:00', 29, 14),
(912, '2017-12-20 00:00:00', 3, 12),
(913, '2017-08-19 00:00:00', 45, 28),
(914, '2017-11-26 00:00:00', 62, 43),
(915, '2019-06-23 00:00:00', 62, 40),
(916, '2020-09-30 00:00:00', 40, 4),
(917, '2020-03-09 00:00:00', 62, 6),
(918, '2018-05-23 00:00:00', 37, 39),
(919, '2021-02-03 00:00:00', 72, 44),
(920, '2020-06-15 00:00:00', 15, 44),
(921, '2019-09-17 00:00:00', 54, 49),
(922, '2017-11-11 00:00:00', 6, 30),
(923, '2021-10-25 00:00:00', 24, 33),
(924, '2020-10-24 00:00:00', 52, 35),
(925, '2018-01-08 00:00:00', 1, 16),
(926, '2021-09-02 00:00:00', 6, 3),
(927, '2017-08-31 00:00:00', 8, 50),
(928, '2017-09-01 00:00:00', 70, 12),
(929, '2020-09-04 00:00:00', 20, 1),
(930, '2021-05-29 00:00:00', 46, 8),
(931, '2020-01-06 00:00:00', 51, 8),
(932, '2019-05-12 00:00:00', 40, 39),
(933, '2019-07-14 00:00:00', 95, 33),
(934, '2018-05-12 00:00:00', 86, 9),
(935, '2018-10-19 00:00:00', 47, 44),
(936, '2019-01-17 00:00:00', 84, 11),
(937, '2018-08-22 00:00:00', 75, 21),
(938, '2020-07-09 00:00:00', 15, 3),
(939, '2019-09-19 00:00:00', 33, 39),
(940, '2019-07-16 00:00:00', 35, 39),
(941, '2021-08-07 00:00:00', 71, 5),
(942, '2018-12-25 00:00:00', 18, 19),
(943, '2019-08-25 00:00:00', 6, 45),
(944, '2019-08-07 00:00:00', 1, 26),
(945, '2018-02-16 00:00:00', 64, 18),
(946, '2019-09-04 00:00:00', 70, 2),
(947, '2021-05-22 00:00:00', 45, 35),
(948, '2020-12-11 00:00:00', 87, 17),
(949, '2017-10-16 00:00:00', 66, 32),
(950, '2020-09-29 00:00:00', 33, 38),
(951, '2018-12-07 00:00:00', 10, 32),
(952, '2019-01-16 00:00:00', 21, 23),
(953, '2018-01-18 00:00:00', 73, 38),
(954, '2019-01-27 00:00:00', 99, 18),
(955, '2017-10-02 00:00:00', 64, 12),
(956, '2018-05-17 00:00:00', 84, 44),
(957, '2019-05-19 00:00:00', 2, 6),
(958, '2018-01-02 00:00:00', 42, 29),
(959, '2020-09-18 00:00:00', 66, 34),
(960, '2020-05-23 00:00:00', 16, 3),
(961, '2020-12-03 00:00:00', 4, 2),
(962, '2018-10-03 00:00:00', 53, 34),
(963, '2020-11-23 00:00:00', 23, 44),
(964, '2018-12-06 00:00:00', 74, 47),
(965, '2019-01-13 00:00:00', 45, 23),
(966, '2019-05-06 00:00:00', 84, 22),
(967, '2017-09-09 00:00:00', 13, 29),
(968, '2020-01-26 00:00:00', 47, 16),
(969, '2019-03-14 00:00:00', 65, 35),
(970, '2020-11-24 00:00:00', 93, 7),
(971, '2018-11-11 00:00:00', 32, 43),
(972, '2019-10-15 00:00:00', 61, 39),
(973, '2018-10-19 00:00:00', 91, 24),
(974, '2017-10-02 00:00:00', 88, 20),
(975, '2018-05-08 00:00:00', 6, 22),
(976, '2021-02-10 00:00:00', 87, 18),
(977, '2017-11-11 00:00:00', 1, 40),
(978, '2020-06-29 00:00:00', 99, 27),
(979, '2020-02-14 00:00:00', 69, 20),
(980, '2019-02-23 00:00:00', 14, 10),
(981, '2018-02-18 00:00:00', 51, 13),
(982, '2021-05-24 00:00:00', 83, 9),
(983, '2021-01-31 00:00:00', 58, 47),
(984, '2019-03-08 00:00:00', 71, 31),
(985, '2017-12-23 00:00:00', 27, 33),
(986, '2018-07-27 00:00:00', 21, 35),
(987, '2019-08-17 00:00:00', 61, 47),
(988, '2019-01-05 00:00:00', 75, 22),
(989, '2017-09-12 00:00:00', 93, 48),
(990, '2019-01-15 00:00:00', 29, 47),
(991, '2020-01-08 00:00:00', 36, 41),
(992, '2021-02-26 00:00:00', 87, 46),
(993, '2020-01-13 00:00:00', 1, 6),
(994, '2020-10-24 00:00:00', 77, 41),
(995, '2019-09-24 00:00:00', 12, 4),
(996, '2021-02-22 00:00:00', 7, 35),
(997, '2018-11-12 00:00:00', 2, 17),
(998, '2018-06-14 00:00:00', 34, 39),
(999, '2019-10-08 00:00:00', 28, 15),
(1000, '2019-03-16 00:00:00', 10, 34);

-- --------------------------------------------------------

--
-- Estrutura da tabela `fornecedor`
--

CREATE TABLE `fornecedor` (
  `idfornecedor` int(11) NOT NULL,
  `nome` varchar(45) NOT NULL
) ENGINE=InnoDB DEFAULT CHARSET=utf8;

--
-- Extraindo dados da tabela `fornecedor`
--

INSERT INTO `fornecedor` (`idfornecedor`, `nome`) VALUES
(9, 'Boyer, Crona and Dickinson'),
(13, 'Conroy-Zulauf'),
(19, 'Glover Group'),
(10, 'Goodwin-Beer'),
(8, 'Hansen Group'),
(17, 'Heller and Sons'),
(18, 'Kuhlman and Sons'),
(15, 'Lubowitz-Welch'),
(11, 'Lueilwitz, Mertz and Lockman'),
(7, 'Lynch-Daugherty'),
(20, 'Padberg and Sons'),
(6, 'Rippin-Ullrich'),
(14, 'Rodriguez-Murphy'),
(4, 'Roob, Miller and Kuvalis'),
(3, 'Stamm Inc'),
(1, 'Steuber-Gaylord'),
(16, 'Tillman-Parker'),
(5, 'Von LLC'),
(2, 'Walter Group'),
(12, 'Zemlak LLC');

-- --------------------------------------------------------

--
-- Estrutura da tabela `fornecedor_has_produto`
--

CREATE TABLE `fornecedor_has_produto` (
  `fornecedor_idfornecedor` int(11) NOT NULL,
  `produto_idproduto` int(11) NOT NULL,
  `preco` decimal(10,2) NOT NULL
) ENGINE=InnoDB DEFAULT CHARSET=utf8;

--
-- Extraindo dados da tabela `fornecedor_has_produto`
--

INSERT INTO `fornecedor_has_produto` (`fornecedor_idfornecedor`, `produto_idproduto`, `preco`) VALUES
(1, 11, '63.94'),
(2, 8, '23.32'),
(2, 15, '49.82'),
(3, 3, '54.90'),
(3, 7, '9.20'),
(3, 16, '84.71'),
(4, 4, '71.88'),
(5, 3, '59.38'),
(5, 14, '6.23'),
(6, 19, '18.81'),
(7, 7, '62.78'),
(7, 8, '10.63'),
(7, 15, '31.54'),
(8, 1, '1.95'),
(8, 6, '66.24'),
(8, 16, '35.23'),
(8, 17, '48.29'),
(8, 19, '80.17'),
(9, 3, '45.43'),
(9, 4, '9.17'),
(9, 9, '91.53'),
(9, 14, '56.32'),
(10, 3, '71.84'),
(12, 7, '24.86'),
(12, 13, '55.83'),
(12, 16, '20.24'),
(13, 8, '60.74'),
(13, 13, '71.65'),
(14, 20, '51.59'),
(15, 7, '2.90'),
(15, 13, '54.52'),
(16, 1, '3.93'),
(16, 8, '81.75'),
(16, 10, '15.90'),
(17, 3, '81.29'),
(17, 7, '67.19'),
(18, 17, '45.91'),
(19, 10, '15.54'),
(19, 14, '10.48'),
(20, 8, '90.48'),
(20, 13, '19.54'),
(20, 17, '64.06'),
(20, 19, '18.92'),
(20, 20, '32.91');

-- --------------------------------------------------------

--
-- Estrutura da tabela `funcionario`
--

CREATE TABLE `funcionario` (
  `idfuncionario` int(11) NOT NULL,
  `nome` varchar(45) NOT NULL,
  `apelido` varchar(45) NOT NULL,
  `idespacoAlimentar` int(11) NOT NULL
) ENGINE=InnoDB DEFAULT CHARSET=utf8;

--
-- Extraindo dados da tabela `funcionario`
--

INSERT INTO `funcionario` (`idfuncionario`, `nome`, `apelido`, `idespacoAlimentar`) VALUES
(1, 'Roseanne', 'Woodyear', 1),
(2, 'Cordey', 'Eskrigge', 2),
(3, 'Drona', 'Ardling', 5),
(4, 'Timi', 'Reddick', 3),
(5, 'Bev', 'Tonbridge', 3),
(6, 'Shepherd', 'Foot', 1),
(7, 'Christopher', 'Goodbourn', 5),
(8, 'Ilise', 'Vial', 2),
(9, 'Farlay', 'Aloigi', 4),
(10, 'Jacques', 'Giffon', 2),
(11, 'Concettina', 'Tween', 4),
(12, 'Pearl', 'Kornyakov', 3),
(13, 'Titos', 'Habbergham', 5),
(14, 'Alden', 'Stookes', 2),
(15, 'Wood', 'Bayfield', 5),
(16, 'Nerta', 'Novic', 1),
(17, 'Fred', 'Haitlie', 3),
(18, 'Rollin', 'Guiu', 3),
(19, 'Iggy', 'Eadon', 1),
(20, 'Ezechiel', 'Antonik', 3),
(21, 'Craggy', 'Kemshell', 5),
(22, 'Mendel', 'Melia', 4),
(23, 'Ernst', 'Perrigo', 1),
(24, 'Ferdinanda', 'Rigglesford', 5),
(25, 'Elwin', 'Hallock', 5),
(26, 'Henrietta', 'Rowling', 3),
(27, 'Corey', 'Sambals', 5),
(28, 'Olia', 'Agge', 5),
(29, 'Tan', 'Greaterex', 4),
(30, 'Kissie', 'Rebanks', 4),
(31, 'Flory', 'Brunel', 5),
(32, 'Johan', 'Drinkeld', 4),
(33, 'Tory', 'Borge', 2),
(34, 'Lonni', 'Skillitt', 4),
(35, 'Tabina', 'McFeat', 2),
(36, 'Reece', 'Taberner', 2),
(37, 'Heddie', 'Pudsey', 1),
(38, 'Rafaelita', 'MacFadin', 5),
(39, 'Maurine', 'Twelves', 1),
(40, 'Maitilde', 'Klesl', 4),
(41, 'Reinaldo', 'Wartonby', 1),
(42, 'Oralia', 'Lindeman', 5),
(43, 'Celesta', 'Jekyll', 2),
(44, 'Nestor', 'Farndon', 2),
(45, 'Anet', 'Maeer', 5),
(46, 'Bruis', 'Luckings', 3),
(47, 'Dodie', 'Paireman', 2),
(48, 'Judy', 'Anderer', 1),
(49, 'Alis', 'Abbotts', 4),
(50, 'Kellsie', 'Cady', 4);

-- --------------------------------------------------------

--
-- Estrutura da tabela `instituto`
--

CREATE TABLE `instituto` (
  `idinstituto` int(11) NOT NULL,
  `designacao` varchar(45) DEFAULT NULL
) ENGINE=InnoDB DEFAULT CHARSET=utf8;

--
-- Extraindo dados da tabela `instituto`
--

INSERT INTO `instituto` (`idinstituto`, `designacao`) VALUES
(1, 'ISE'),
(2, 'ESEC'),
(3, 'ESGHT'),
(4, 'EC'),
(5, 'Cantina');

-- --------------------------------------------------------

--
-- Estrutura da tabela `prato`
--

CREATE TABLE `prato` (
  `idprato` int(11) NOT NULL,
  `nome` varchar(45) NOT NULL,
  `descricao` varchar(45) DEFAULT NULL,
  `idcategoriaPrato` int(11) DEFAULT NULL,
  `vendavel` tinyint(4) DEFAULT NULL
) ENGINE=InnoDB DEFAULT CHARSET=utf8;

--
-- Extraindo dados da tabela `prato`
--

INSERT INTO `prato` (`idprato`, `nome`, `descricao`, `idcategoriaPrato`, `vendavel`) VALUES
(0, 'INEXISTENTE', '', 1, 1),
(1, 'Carbonara tradicional', 'Carbonara, spaghetti alla carbonara ou pasta ', 1, 1),
(2, 'Favas à portuguesa', 'Como o nome indica, o prato é confeccionado c', 1, 1),
(3, 'Arroz de pato fingido', 'Um arroz de pato é um clássico da grastonomia', 1, 0),
(4, 'Lasanha', 'Lasanha (lasagne em italiano) é tanto um tipo', 1, 1),
(5, 'Ensopado de borrego', 'Prato preparado constituído por carne de borr', 1, 1),
(6, 'Massada de tamboril', 'Tamboril, (na Galiza) é o nome vulgar dos pei', 2, 1),
(7, 'Tiras de choco à setubalense com arroz de coe', 'O Choco Frito é um prato bastante apreciado e', 2, 1),
(8, 'Empadão de atum', 'Este empadão de atum é ideal para preparar co', 2, 1),
(9, 'Bacalhau com natas', 'O bacalhau com natas é uma receita clássica d', 2, 1),
(10, 'Lulas cheias com batata cozida', 'Num tacho, leve ao lume as rodelas de chouriç', 2, 1),
(11, 'Arroz de cogumelos com legumes no forno', 'Leve ao lume um tacho com a manteiga e a cebo', 3, 1),
(12, 'Bifes de tofu no forno com batata assada e mo', 'É uma refeição bastante nutritiva e reconfort', 3, 1),
(13, 'Bolonhesa de soja', 'A soja adquire muito bem os sabores dos tempe', 3, 1),
(14, 'Caril de lentilhas com arroz', 'As lentilhas são leguminosas muito nutritivas', 3, 1),
(15, 'Empadão vegan', 'Comida reconfortante pode ser saudável. Este ', 3, 1),
(16, 'Tosta Mista', 'Temos uma deliciosa tosta mista, claro combin', 5, 1),
(17, 'Torrada', 'É o pão levado ao forno ou torradeira para le', 5, 1),
(18, 'Croissant Misto', 'Pão croissant com queijo e fiambre', 5, 1),
(19, 'Pão de centeio misto', 'Pão de centeio com queijo e fiambre', 5, 1),
(20, 'Folhado Misto', 'Folhado de massa folhada com queijo e fiambre', 5, 1),
(21, 'Pão com chouriço', 'Pão com chouriço e manteiga', 5, 1),
(22, 'Café', 'Café expresso servido em chavena pequena', 6, 1),
(23, 'Arroz e Feijão', 'Arroz e feijão normal', 3, 1),
(25, 'Bacalhau com Natas', 'Bacalhau com natas e batatas ', 2, 1);

-- --------------------------------------------------------

--
-- Estrutura da tabela `pratoespacoalimentar`
--

CREATE TABLE `pratoespacoalimentar` (
  `idespacoAlimentar` int(11) NOT NULL,
  `idprato` int(11) NOT NULL,
  `preco` decimal(10,2) NOT NULL
) ENGINE=InnoDB DEFAULT CHARSET=utf8;

--
-- Extraindo dados da tabela `pratoespacoalimentar`
--

INSERT INTO `pratoespacoalimentar` (`idespacoAlimentar`, `idprato`, `preco`) VALUES
(1, 3, '3.90'),
(1, 4, '3.78'),
(1, 6, '1.45'),
(1, 7, '5.60'),
(1, 8, '4.11'),
(1, 10, '1.04'),
(1, 12, '3.66'),
(1, 14, '4.28'),
(1, 17, '1.99'),
(1, 18, '0.88'),
(1, 20, '2.99'),
(1, 21, '6.76'),
(2, 2, '5.84'),
(2, 7, '4.28'),
(2, 13, '0.91'),
(2, 16, '1.61'),
(2, 17, '5.25'),
(2, 19, '4.78'),
(2, 21, '4.02'),
(3, 4, '4.33'),
(3, 8, '3.90'),
(3, 16, '3.10'),
(3, 17, '3.09'),
(3, 20, '1.29'),
(4, 5, '2.05'),
(4, 7, '5.78'),
(4, 11, '5.21'),
(4, 13, '3.05'),
(4, 17, '6.65'),
(4, 20, '2.19'),
(4, 21, '0.95'),
(5, 3, '0.94'),
(5, 14, '6.50'),
(5, 15, '3.42'),
(5, 19, '3.62'),
(5, 20, '2.99'),
(5, 21, '1.71');

-- --------------------------------------------------------

--
-- Estrutura da tabela `pratofatura`
--

CREATE TABLE `pratofatura` (
  `idfatura` int(11) NOT NULL,
  `idprato` int(11) NOT NULL,
  `quantidade` varchar(45) DEFAULT NULL
) ENGINE=InnoDB DEFAULT CHARSET=utf8;

--
-- Extraindo dados da tabela `pratofatura`
--

INSERT INTO `pratofatura` (`idfatura`, `idprato`, `quantidade`) VALUES
(2, 22, '1'),
(3, 6, '2'),
(6, 7, '3'),
(6, 22, '4'),
(8, 14, '5'),
(8, 20, '5'),
(9, 6, '1'),
(9, 23, '4'),
(10, 0, ''),
(12, 19, '1'),
(13, 14, '5'),
(13, 18, '4'),
(14, 3, '4'),
(16, 3, '4'),
(16, 16, '4'),
(17, 6, '1'),
(18, 20, '2'),
(21, 8, '1'),
(25, 4, '1'),
(27, 3, '1'),
(27, 19, '2'),
(29, 22, '2'),
(31, 1, '3'),
(31, 5, '2'),
(31, 14, '3'),
(32, 4, '3'),
(32, 19, '2'),
(33, 21, '4'),
(34, 4, '2'),
(34, 14, '5'),
(35, 2, '2'),
(35, 9, '4'),
(35, 19, '4'),
(36, 3, '4'),
(40, 17, '5'),
(41, 20, '2'),
(43, 6, '5'),
(43, 15, '1'),
(48, 10, '2'),
(50, 2, '3'),
(52, 1, '3'),
(52, 21, '2'),
(54, 4, '4'),
(56, 12, '5'),
(57, 1, '1'),
(58, 19, '2'),
(59, 2, '2'),
(59, 3, '2'),
(61, 11, '3'),
(61, 14, '5'),
(65, 12, '1'),
(65, 18, '3'),
(65, 20, '5'),
(66, 1, '5'),
(66, 21, '3'),
(67, 14, '3'),
(69, 2, '2'),
(69, 9, '3'),
(69, 12, '3'),
(70, 15, '1'),
(71, 7, '1'),
(73, 19, '1'),
(76, 8, '4'),
(78, 5, '4'),
(80, 5, '5'),
(80, 8, '5'),
(80, 12, '1'),
(81, 11, '5'),
(82, 11, '5'),
(85, 16, '2'),
(85, 21, '2'),
(86, 12, '4'),
(88, 14, '4'),
(89, 10, '2'),
(90, 12, '2'),
(92, 21, '5'),
(94, 12, '5'),
(95, 21, '4'),
(96, 23, '5'),
(98, 11, '1'),
(99, 10, '3'),
(99, 11, '3'),
(99, 22, '1'),
(100, 12, '3'),
(100, 18, '3'),
(104, 16, '5'),
(106, 1, '2'),
(106, 5, '2'),
(106, 14, '4'),
(106, 15, '2'),
(107, 8, '1'),
(109, 12, '4'),
(109, 23, '4'),
(111, 3, '2'),
(112, 16, '1'),
(112, 19, '4'),
(113, 5, '5'),
(113, 10, '5'),
(114, 1, '5'),
(114, 5, '4'),
(115, 2, '5'),
(115, 14, '1'),
(115, 23, '1'),
(116, 3, '4'),
(116, 18, '1'),
(117, 7, '5'),
(117, 8, '1'),
(118, 15, '2'),
(122, 1, '3'),
(125, 9, '3'),
(125, 19, '1'),
(125, 22, '3'),
(126, 15, '3'),
(127, 13, '5'),
(128, 11, '1'),
(130, 15, '4'),
(131, 11, '3'),
(134, 6, '1'),
(136, 5, '4'),
(137, 8, '1'),
(137, 23, '2'),
(139, 14, '5'),
(139, 18, '2'),
(139, 21, '3'),
(140, 21, '5'),
(141, 3, '2'),
(141, 4, '2'),
(142, 10, '2'),
(142, 11, '5'),
(143, 3, '4'),
(143, 14, '2'),
(145, 3, '4'),
(146, 6, '3'),
(147, 6, '1'),
(148, 1, '4'),
(149, 10, '2'),
(150, 2, '1'),
(150, 22, '4'),
(151, 12, '1'),
(151, 15, '4'),
(152, 4, '4'),
(153, 22, '4'),
(154, 5, '1'),
(154, 9, '3'),
(155, 19, '3'),
(156, 2, '5'),
(158, 19, '2'),
(159, 4, '1'),
(159, 10, '3'),
(159, 11, '3'),
(160, 20, '2'),
(161, 3, '1'),
(162, 6, '4'),
(162, 11, '1'),
(163, 4, '5'),
(164, 4, '2'),
(164, 22, '3'),
(165, 5, '4'),
(165, 14, '5'),
(169, 1, '2'),
(169, 13, '1'),
(169, 20, '4'),
(170, 10, '2'),
(170, 12, '3'),
(171, 6, '3'),
(171, 22, '1'),
(173, 18, '2'),
(173, 20, '3'),
(175, 12, '5'),
(177, 3, '5'),
(177, 6, '2'),
(178, 17, '4'),
(178, 22, '2'),
(181, 23, '5'),
(182, 15, '4'),
(182, 18, '2'),
(182, 23, '3'),
(186, 15, '2'),
(187, 11, '5'),
(190, 22, '4'),
(191, 9, '3'),
(193, 5, '3'),
(194, 10, '3'),
(196, 8, '2'),
(199, 9, '3'),
(200, 3, '3'),
(200, 6, '1'),
(203, 9, '1'),
(203, 13, '5'),
(204, 21, '5'),
(206, 5, '1'),
(207, 18, '1'),
(208, 6, '2'),
(209, 9, '3'),
(209, 15, '4'),
(210, 21, '1'),
(211, 5, '2'),
(213, 2, '1'),
(213, 13, '4'),
(214, 2, '4'),
(214, 11, '2'),
(214, 17, '1'),
(218, 5, '1'),
(218, 9, '4'),
(218, 20, '5'),
(219, 5, '3'),
(221, 9, '4'),
(222, 23, '2'),
(226, 15, '2'),
(227, 13, '3'),
(229, 17, '1'),
(232, 7, '2'),
(233, 3, '4'),
(234, 20, '2'),
(234, 23, '5'),
(235, 6, '2'),
(236, 15, '4'),
(236, 20, '1'),
(237, 4, '3'),
(238, 12, '3'),
(240, 4, '3'),
(240, 9, '3'),
(241, 18, '5'),
(241, 22, '1'),
(242, 8, '5'),
(244, 5, '3'),
(244, 22, '3'),
(246, 7, '2'),
(246, 19, '3'),
(247, 7, '3'),
(253, 23, '3'),
(255, 14, '4'),
(256, 2, '3'),
(257, 7, '2'),
(258, 16, '4'),
(260, 7, '5'),
(260, 9, '2'),
(260, 16, '1'),
(260, 20, '2'),
(261, 8, '5'),
(264, 4, '5'),
(264, 13, '3'),
(265, 18, '2'),
(266, 1, '4'),
(266, 9, '5'),
(267, 13, '5'),
(268, 6, '3'),
(268, 21, '1'),
(269, 15, '1'),
(269, 20, '5'),
(270, 4, '3'),
(270, 19, '3'),
(272, 10, '3'),
(273, 1, '1'),
(273, 10, '1'),
(274, 4, '5'),
(274, 17, '3'),
(277, 12, '5'),
(278, 7, '4'),
(279, 20, '1'),
(279, 22, '4'),
(280, 5, '2'),
(280, 7, '3'),
(280, 20, '4'),
(284, 4, '1'),
(284, 16, '2'),
(285, 1, '5'),
(289, 2, '3'),
(290, 4, '2'),
(291, 2, '2'),
(292, 22, '1'),
(294, 19, '3'),
(295, 2, '4'),
(295, 15, '4'),
(295, 18, '4'),
(296, 18, '5'),
(300, 12, '4'),
(300, 16, '1'),
(301, 3, '1'),
(302, 7, '1'),
(303, 22, '2'),
(306, 4, '3'),
(306, 5, '1'),
(306, 18, '2'),
(307, 21, '1'),
(307, 23, '4'),
(308, 21, '1'),
(309, 20, '1'),
(311, 15, '2'),
(311, 23, '5'),
(312, 5, '2'),
(312, 9, '5'),
(314, 16, '4'),
(315, 5, '5'),
(315, 22, '3'),
(317, 12, '4'),
(317, 20, '4'),
(320, 19, '4'),
(320, 21, '3'),
(321, 12, '2'),
(321, 16, '1'),
(322, 5, '4'),
(324, 17, '4'),
(325, 10, '5'),
(325, 15, '4'),
(326, 3, '1'),
(326, 5, '4'),
(326, 14, '1'),
(327, 2, '1'),
(327, 5, '1'),
(327, 19, '3'),
(328, 4, '2'),
(328, 7, '3'),
(329, 2, '3'),
(329, 14, '2'),
(330, 13, '3'),
(331, 17, '1'),
(334, 4, '1'),
(334, 11, '4'),
(334, 14, '1'),
(336, 1, '5'),
(336, 4, '3'),
(337, 17, '1'),
(340, 19, '5'),
(341, 2, '1'),
(342, 13, '4'),
(343, 15, '2'),
(345, 3, '2'),
(347, 8, '5'),
(347, 20, '4'),
(350, 6, '2'),
(350, 12, '5'),
(351, 10, '2'),
(352, 4, '1'),
(352, 11, '1'),
(353, 7, '4'),
(353, 11, '4'),
(353, 21, '5'),
(353, 23, '4'),
(356, 17, '2'),
(358, 6, '4'),
(360, 12, '1'),
(360, 15, '3'),
(361, 1, '4'),
(361, 18, '2'),
(362, 4, '1'),
(363, 1, '1'),
(365, 7, '4'),
(365, 23, '1'),
(367, 16, '5'),
(368, 5, '5'),
(368, 10, '5'),
(368, 20, '5'),
(369, 6, '1'),
(370, 2, '2'),
(371, 8, '3'),
(372, 15, '3'),
(373, 14, '5'),
(374, 21, '4'),
(375, 13, '2'),
(378, 1, '4'),
(378, 16, '2'),
(380, 8, '5'),
(380, 11, '4'),
(383, 5, '4'),
(383, 14, '1'),
(384, 1, '5'),
(384, 9, '1'),
(384, 11, '2'),
(385, 13, '2'),
(386, 11, '2'),
(387, 19, '4'),
(388, 16, '5'),
(388, 17, '2'),
(389, 17, '4'),
(389, 18, '2'),
(389, 21, '4'),
(391, 3, '3'),
(392, 2, '3'),
(393, 12, '3'),
(393, 23, '5'),
(394, 1, '2'),
(394, 7, '3'),
(394, 16, '2'),
(394, 20, '4'),
(396, 16, '5'),
(398, 17, '3'),
(399, 10, '2'),
(400, 3, '3'),
(400, 7, '3'),
(400, 17, '5'),
(401, 2, '4'),
(401, 7, '3'),
(404, 3, '4'),
(404, 8, '4'),
(404, 10, '4'),
(404, 11, '5'),
(404, 16, '3'),
(405, 2, '3'),
(405, 7, '1'),
(405, 12, '3'),
(405, 21, '4'),
(406, 2, '2'),
(406, 19, '4'),
(407, 3, '1'),
(407, 21, '5'),
(408, 3, '1'),
(409, 11, '1'),
(409, 12, '2'),
(411, 4, '4'),
(412, 9, '4'),
(412, 10, '4'),
(413, 8, '1'),
(414, 19, '1'),
(415, 11, '3'),
(415, 23, '4'),
(416, 9, '2'),
(417, 8, '5'),
(417, 9, '5'),
(418, 20, '5'),
(420, 7, '5'),
(421, 16, '4'),
(423, 2, '1'),
(423, 7, '2'),
(423, 23, '1'),
(424, 18, '1'),
(425, 1, '4'),
(425, 3, '3'),
(426, 6, '5'),
(426, 15, '4'),
(429, 8, '4'),
(429, 11, '4'),
(429, 22, '1'),
(431, 4, '4'),
(431, 23, '3'),
(433, 3, '2'),
(433, 18, '3'),
(434, 6, '3'),
(435, 18, '1'),
(436, 6, '4'),
(440, 10, '1'),
(441, 4, '2'),
(441, 15, '2'),
(441, 21, '5'),
(442, 8, '3'),
(445, 2, '4'),
(446, 18, '2'),
(447, 17, '2'),
(449, 10, '4'),
(451, 10, '2'),
(452, 12, '5'),
(454, 2, '4'),
(454, 9, '1'),
(456, 13, '2'),
(457, 13, '4'),
(457, 18, '4'),
(458, 5, '1'),
(460, 17, '1'),
(461, 8, '4'),
(462, 2, '4'),
(464, 3, '2'),
(465, 12, '2'),
(470, 4, '3'),
(470, 13, '4'),
(474, 5, '2'),
(474, 20, '3'),
(475, 8, '1'),
(476, 2, '1'),
(476, 5, '5'),
(478, 8, '1'),
(478, 17, '2'),
(479, 13, '5'),
(480, 5, '4'),
(480, 13, '5'),
(481, 21, '3'),
(482, 9, '5'),
(483, 8, '2'),
(483, 22, '3'),
(484, 11, '4'),
(485, 6, '2'),
(485, 13, '4'),
(485, 17, '5'),
(487, 5, '3'),
(488, 14, '4'),
(490, 16, '3'),
(491, 4, '2'),
(491, 5, '1'),
(491, 6, '4'),
(491, 17, '4'),
(492, 1, '4'),
(492, 7, '4'),
(492, 12, '4'),
(492, 14, '5'),
(493, 23, '4'),
(496, 10, '3'),
(497, 10, '2'),
(498, 6, '3'),
(499, 1, '5'),
(499, 2, '1'),
(499, 4, '2'),
(499, 18, '5'),
(500, 5, '1'),
(501, 15, '1'),
(503, 13, '5'),
(504, 10, '1'),
(505, 16, '3'),
(505, 19, '5'),
(506, 9, '3'),
(506, 15, '2'),
(506, 22, '2'),
(507, 2, '5'),
(507, 4, '1'),
(507, 10, '2'),
(507, 12, '5'),
(509, 11, '1'),
(509, 17, '5'),
(509, 18, '3'),
(509, 23, '5'),
(510, 1, '2'),
(510, 20, '4'),
(512, 3, '5'),
(512, 21, '3'),
(512, 22, '5'),
(513, 21, '3'),
(514, 14, '2'),
(518, 2, '5'),
(520, 15, '5'),
(522, 7, '4'),
(522, 14, '3'),
(523, 14, '3'),
(526, 5, '4'),
(526, 10, '4'),
(526, 14, '4'),
(529, 18, '3'),
(531, 17, '1'),
(531, 21, '3'),
(531, 23, '4'),
(535, 3, '5'),
(536, 19, '2'),
(537, 1, '3'),
(542, 14, '4'),
(543, 23, '3'),
(544, 1, '1'),
(545, 18, '3'),
(546, 3, '3'),
(546, 10, '4'),
(547, 3, '1'),
(550, 3, '4'),
(551, 19, '3'),
(552, 20, '4'),
(553, 11, '1'),
(554, 17, '1'),
(554, 20, '5'),
(556, 5, '4'),
(556, 14, '4'),
(559, 20, '1'),
(560, 6, '2'),
(561, 6, '3'),
(563, 15, '3'),
(564, 5, '4'),
(566, 8, '4'),
(567, 7, '5'),
(567, 9, '1'),
(567, 23, '1'),
(568, 21, '1'),
(568, 23, '3'),
(569, 19, '3'),
(570, 2, '3'),
(570, 5, '5'),
(570, 16, '2'),
(570, 18, '1'),
(571, 5, '4'),
(571, 17, '2'),
(572, 10, '2'),
(572, 11, '4'),
(572, 18, '1'),
(574, 7, '1'),
(574, 17, '3'),
(575, 20, '5'),
(577, 16, '1'),
(579, 6, '2'),
(579, 23, '1'),
(581, 20, '2'),
(586, 16, '5'),
(587, 5, '5'),
(588, 19, '2'),
(590, 11, '4'),
(592, 9, '2'),
(592, 16, '5'),
(593, 4, '1'),
(594, 14, '2'),
(595, 21, '1'),
(596, 4, '4'),
(597, 3, '2'),
(597, 17, '5'),
(599, 13, '3'),
(599, 19, '2'),
(600, 6, '1'),
(601, 13, '2'),
(601, 23, '5'),
(602, 10, '3'),
(604, 10, '4'),
(607, 10, '2'),
(609, 13, '4'),
(609, 18, '2'),
(610, 16, '1'),
(611, 1, '3'),
(611, 3, '4'),
(613, 22, '2'),
(616, 10, '4'),
(617, 5, '3'),
(617, 13, '3'),
(618, 3, '5'),
(619, 10, '5'),
(619, 13, '3'),
(619, 19, '2'),
(620, 16, '5'),
(621, 11, '4'),
(626, 12, '4'),
(628, 21, '4'),
(629, 21, '3'),
(629, 23, '5'),
(631, 6, '2'),
(632, 3, '5'),
(632, 14, '2'),
(634, 4, '4'),
(634, 5, '2'),
(635, 9, '4'),
(636, 4, '5'),
(637, 22, '3'),
(638, 12, '2'),
(638, 16, '5'),
(639, 7, '2'),
(639, 21, '2'),
(640, 22, '4'),
(641, 16, '3'),
(644, 19, '4'),
(644, 23, '4'),
(649, 17, '1'),
(650, 12, '3'),
(650, 22, '5'),
(651, 8, '3'),
(651, 16, '1'),
(655, 9, '4'),
(655, 23, '2'),
(660, 5, '5'),
(661, 1, '4'),
(662, 23, '2'),
(663, 14, '4'),
(663, 16, '4'),
(664, 9, '5'),
(664, 11, '2'),
(669, 13, '4'),
(669, 22, '1'),
(672, 18, '1'),
(673, 3, '4'),
(675, 12, '2'),
(676, 22, '1'),
(677, 5, '4'),
(678, 23, '4'),
(679, 16, '1'),
(680, 4, '5'),
(680, 17, '2'),
(680, 23, '2'),
(681, 1, '5'),
(681, 10, '4'),
(682, 3, '2'),
(682, 12, '1'),
(682, 20, '3'),
(684, 1, '4'),
(684, 10, '3'),
(686, 17, '2'),
(687, 2, '3'),
(688, 19, '1'),
(689, 1, '5'),
(689, 20, '5'),
(692, 20, '1'),
(693, 14, '1'),
(694, 2, '4'),
(694, 13, '5'),
(694, 16, '5'),
(694, 23, '3'),
(696, 8, '3'),
(698, 21, '5'),
(701, 10, '5'),
(703, 17, '3'),
(704, 5, '4'),
(707, 15, '2'),
(709, 3, '3'),
(709, 13, '3'),
(710, 2, '2'),
(710, 6, '5'),
(711, 5, '5'),
(711, 20, '1'),
(713, 6, '5'),
(715, 23, '2'),
(716, 3, '4'),
(716, 4, '3'),
(716, 7, '1'),
(716, 18, '1'),
(718, 9, '5'),
(720, 23, '4'),
(722, 22, '1'),
(723, 1, '3'),
(723, 23, '5'),
(724, 15, '4'),
(725, 1, '1'),
(725, 9, '5'),
(726, 9, '1'),
(727, 11, '2'),
(728, 1, '2'),
(728, 9, '2'),
(729, 8, '4'),
(729, 9, '3'),
(729, 11, '2'),
(729, 16, '5'),
(730, 23, '5'),
(731, 6, '4'),
(733, 17, '1'),
(734, 13, '1'),
(735, 5, '2'),
(735, 9, '1'),
(735, 20, '2'),
(736, 5, '1'),
(736, 15, '3'),
(736, 21, '1'),
(737, 3, '4'),
(737, 6, '5'),
(738, 13, '5'),
(739, 13, '4'),
(740, 3, '2'),
(740, 9, '3'),
(742, 5, '2'),
(745, 11, '2'),
(745, 13, '4'),
(745, 14, '4'),
(746, 7, '5'),
(747, 13, '1'),
(748, 13, '2'),
(755, 15, '1'),
(755, 18, '5'),
(757, 18, '2'),
(757, 20, '1'),
(758, 11, '3'),
(758, 15, '1'),
(759, 7, '2'),
(760, 9, '3'),
(762, 18, '3'),
(763, 16, '1'),
(765, 7, '2'),
(765, 22, '2'),
(768, 20, '4'),
(769, 4, '5'),
(769, 21, '3'),
(770, 18, '3'),
(774, 9, '4'),
(774, 13, '5'),
(775, 5, '2'),
(776, 9, '1'),
(777, 8, '3'),
(777, 11, '2'),
(779, 1, '2'),
(779, 14, '4'),
(780, 14, '4'),
(780, 17, '4'),
(781, 5, '5'),
(782, 6, '4'),
(782, 18, '4'),
(783, 23, '4'),
(784, 3, '5'),
(784, 8, '1'),
(787, 20, '5'),
(788, 5, '2'),
(788, 10, '4'),
(788, 15, '5'),
(789, 13, '4'),
(789, 17, '2'),
(790, 1, '5'),
(790, 4, '3'),
(790, 14, '5'),
(792, 21, '4'),
(793, 7, '5'),
(793, 10, '4'),
(793, 20, '4'),
(794, 9, '2'),
(794, 11, '5'),
(794, 12, '1'),
(794, 19, '4'),
(796, 10, '1'),
(798, 14, '1'),
(801, 12, '5'),
(805, 3, '1'),
(807, 1, '2'),
(807, 9, '5'),
(809, 23, '3'),
(812, 2, '1'),
(812, 6, '1'),
(813, 7, '2'),
(813, 19, '4'),
(813, 20, '2'),
(815, 2, '4'),
(815, 6, '3'),
(815, 8, '5'),
(816, 1, '4'),
(816, 13, '1'),
(818, 3, '2'),
(818, 13, '5'),
(820, 5, '4'),
(820, 18, '5'),
(821, 22, '4'),
(823, 15, '4'),
(824, 1, '2'),
(824, 4, '4'),
(824, 20, '4'),
(828, 22, '2'),
(829, 8, '2'),
(831, 7, '4'),
(832, 2, '5'),
(833, 4, '5'),
(835, 17, '3'),
(837, 15, '1'),
(838, 8, '1'),
(838, 21, '4'),
(839, 13, '5'),
(839, 16, '5'),
(839, 23, '1'),
(840, 15, '4'),
(846, 7, '1'),
(847, 7, '2'),
(848, 23, '1'),
(849, 1, '5'),
(849, 8, '1'),
(849, 12, '1'),
(849, 17, '5'),
(851, 15, '3'),
(852, 16, '1'),
(854, 1, '3'),
(858, 3, '4'),
(858, 16, '3'),
(860, 10, '1'),
(860, 11, '4'),
(861, 15, '3'),
(864, 10, '1'),
(865, 10, '3'),
(865, 13, '5'),
(869, 9, '4'),
(872, 8, '2'),
(872, 20, '4'),
(873, 2, '3'),
(874, 9, '1'),
(874, 18, '3'),
(875, 17, '3'),
(878, 8, '3'),
(878, 16, '4'),
(878, 19, '5'),
(879, 5, '1'),
(880, 3, '5'),
(881, 2, '4'),
(881, 8, '5'),
(882, 5, '1'),
(884, 22, '3'),
(885, 8, '4'),
(888, 7, '3'),
(888, 10, '5'),
(888, 21, '3'),
(889, 7, '5'),
(889, 19, '5'),
(891, 8, '4'),
(891, 22, '4'),
(892, 6, '4'),
(892, 20, '3'),
(894, 7, '4'),
(898, 19, '1'),
(898, 21, '1'),
(899, 8, '2'),
(899, 20, '5'),
(900, 12, '2'),
(900, 14, '3'),
(902, 8, '2'),
(903, 13, '2'),
(904, 2, '2'),
(904, 22, '2'),
(906, 3, '2'),
(907, 2, '4'),
(907, 5, '5'),
(907, 12, '4'),
(907, 14, '4'),
(908, 1, '1'),
(908, 20, '4'),
(908, 21, '1'),
(910, 13, '5'),
(911, 9, '2'),
(913, 18, '5'),
(914, 19, '3'),
(915, 4, '1'),
(917, 1, '2'),
(917, 7, '5'),
(918, 6, '4'),
(918, 16, '5'),
(919, 2, '1'),
(922, 10, '1'),
(923, 8, '5'),
(924, 7, '2'),
(925, 19, '1'),
(926, 1, '5'),
(926, 21, '5'),
(926, 22, '1'),
(929, 1, '4'),
(930, 11, '4'),
(932, 8, '3'),
(932, 9, '1'),
(933, 21, '2'),
(935, 8, '1'),
(935, 9, '5'),
(935, 11, '3'),
(935, 17, '4'),
(936, 22, '5'),
(937, 10, '5'),
(938, 22, '4'),
(939, 17, '5'),
(941, 19, '4'),
(942, 2, '3'),
(943, 21, '2'),
(945, 1, '1'),
(945, 12, '1'),
(946, 1, '1'),
(947, 13, '5'),
(947, 19, '3'),
(948, 23, '4'),
(949, 1, '4'),
(949, 4, '4'),
(949, 5, '4'),
(949, 16, '2'),
(951, 15, '4'),
(952, 21, '4'),
(955, 17, '1'),
(956, 2, '3'),
(958, 4, '3'),
(959, 12, '3'),
(960, 12, '2'),
(960, 23, '2'),
(962, 2, '2'),
(963, 11, '4'),
(964, 12, '1'),
(967, 6, '4'),
(968, 2, '1'),
(968, 23, '4'),
(969, 10, '1'),
(969, 15, '2'),
(969, 17, '5'),
(970, 11, '3'),
(971, 14, '1'),
(974, 17, '2'),
(975, 20, '5'),
(975, 21, '4'),
(976, 12, '1'),
(977, 13, '1'),
(978, 3, '4'),
(981, 5, '5'),
(985, 3, '1'),
(985, 16, '5'),
(987, 7, '4'),
(987, 19, '4'),
(988, 17, '1'),
(989, 7, '1'),
(990, 4, '5'),
(991, 15, '5'),
(993, 1, '2'),
(994, 11, '2'),
(995, 9, '3'),
(995, 23, '5'),
(997, 4, '2'),
(997, 11, '4'),
(998, 15, '2');

-- --------------------------------------------------------

--
-- Estrutura da tabela `produto`
--

CREATE TABLE `produto` (
  `idproduto` int(11) NOT NULL,
  `designacao` varchar(45) NOT NULL,
  `consumivel` tinyint(4) NOT NULL,
  `idcategoria` int(11) NOT NULL
) ENGINE=InnoDB DEFAULT CHARSET=utf8;

--
-- Extraindo dados da tabela `produto`
--

INSERT INTO `produto` (`idproduto`, `designacao`, `consumivel`, `idcategoria`) VALUES
(1, 'Agua 1,5L', 1, 1),
(2, 'Agua 0,75L', 1, 1),
(3, 'Agua 0,55L', 1, 1),
(4, 'Coca-Cola 2L', 1, 1),
(5, 'Coca-Cola Lata', 1, 1),
(6, 'Pacote Café', 0, 3),
(7, 'Pacote Arroz', 0, 3),
(8, 'Pacote Açucar XL', 0, 3),
(9, 'Pacote Açucar S', 1, 3),
(10, 'Pacote Massa', 0, 3),
(11, 'Pacote Batata Frita', 1, 2),
(12, 'Barra de Proteina', 1, 2),
(13, '1 Unidade de Maça ', 1, 2),
(14, '1 Unidade de Banana', 1, 2),
(15, 'Barra de Chocolate', 1, 2),
(16, 'Pacote de Esponja Vegetal', 0, 4),
(17, 'Pacote de Palha de Aço', 0, 4),
(18, 'Conjunto 10 unidades Prato', 0, 4),
(19, 'Conjunto 10 unidades de Colher', 0, 4),
(20, 'Produto Limpeza Chão', 0, 4);

-- --------------------------------------------------------

--
-- Estrutura da tabela `produtoespacoalimentar`
--

CREATE TABLE `produtoespacoalimentar` (
  `idespacoAlimentar` int(11) NOT NULL,
  `idproduto` int(11) NOT NULL,
  `stock` varchar(45) NOT NULL,
  `preco` decimal(10,2) NOT NULL,
  `stockminimo` varchar(45) NOT NULL
) ENGINE=InnoDB DEFAULT CHARSET=utf8;

--
-- Extraindo dados da tabela `produtoespacoalimentar`
--

INSERT INTO `produtoespacoalimentar` (`idespacoAlimentar`, `idproduto`, `stock`, `preco`, `stockminimo`) VALUES
(1, 1, '229', '8.76', '30'),
(1, 2, '43', '1.20', '38'),
(1, 3, '37', '1.51', '31'),
(1, 4, '66', '9.45', '35'),
(1, 5, '52', '5.67', '41'),
(1, 6, '177', '4.85', '33'),
(1, 7, '204', '9.34', '44'),
(1, 8, '123', '1.05', '42'),
(1, 9, '123', '1.22', '31'),
(1, 10, '177', '7.28', '34'),
(1, 11, '99', '2.77', '30'),
(1, 12, '177', '6.45', '32'),
(1, 13, '182', '7.70', '32'),
(1, 14, '54', '4.83', '42'),
(1, 15, '220', '8.58', '44'),
(1, 16, '98', '5.00', '44'),
(1, 17, '56', '8.71', '33'),
(1, 18, '49', '3.06', '43'),
(1, 19, '29', '1.14', '37'),
(1, 20, '10', '4.64', '41'),
(2, 1, '82', '3.52', '34'),
(2, 2, '20', '9.63', '38'),
(2, 3, '56', '1.77', '36'),
(2, 4, '92', '3.66', '38'),
(2, 5, '230', '6.97', '45'),
(2, 6, '210', '9.45', '38'),
(2, 7, '96', '2.97', '34'),
(2, 8, '30', '2.90', '40'),
(2, 9, '237', '7.08', '44'),
(2, 10, '174', '4.59', '31'),
(2, 11, '249', '2.80', '43'),
(2, 12, '87', '8.99', '44'),
(2, 13, '27', '8.69', '35'),
(2, 14, '112', '6.76', '34'),
(2, 15, '183', '1.84', '37'),
(2, 16, '174', '2.40', '41'),
(2, 17, '50', '5.64', '34'),
(2, 18, '238', '5.16', '41'),
(2, 19, '92', '8.00', '30'),
(2, 20, '89', '2.12', '33'),
(3, 1, '84', '4.32', '45'),
(3, 2, '74', '9.41', '37'),
(3, 3, '191', '8.06', '30'),
(3, 4, '241', '9.09', '32'),
(3, 5, '136', '5.68', '40'),
(3, 6, '43', '7.56', '41'),
(3, 7, '152', '4.95', '43'),
(3, 8, '223', '1.78', '38'),
(3, 9, '53', '7.88', '39'),
(3, 10, '34', '8.87', '33'),
(3, 11, '144', '7.31', '44'),
(3, 12, '131', '3.87', '31'),
(3, 13, '174', '6.52', '43'),
(3, 14, '191', '5.06', '37'),
(3, 15, '134', '2.77', '38'),
(3, 16, '45', '5.57', '44'),
(3, 17, '164', '4.21', '36'),
(3, 18, '71', '9.36', '44'),
(3, 19, '98', '6.62', '45'),
(3, 20, '24', '7.65', '42'),
(4, 1, '146', '9.47', '36'),
(4, 2, '202', '6.91', '30'),
(4, 3, '86', '7.46', '44'),
(4, 4, '151', '9.73', '43'),
(4, 5, '233', '8.04', '34'),
(4, 6, '195', '1.17', '41'),
(4, 7, '76', '6.43', '41'),
(4, 8, '237', '7.00', '30'),
(4, 9, '19', '8.32', '33'),
(4, 10, '160', '5.18', '35'),
(4, 11, '240', '3.05', '40'),
(4, 12, '29', '8.23', '32'),
(4, 13, '61', '6.64', '34'),
(4, 14, '37', '3.75', '38'),
(4, 15, '6', '3.52', '33'),
(4, 16, '17', '4.28', '41'),
(4, 17, '114', '9.41', '41'),
(4, 18, '179', '1.64', '39'),
(4, 19, '75', '7.31', '33'),
(4, 20, '210', '4.50', '39'),
(5, 1, '177', '8.25', '30'),
(5, 2, '112', '8.61', '36'),
(5, 3, '219', '9.94', '35'),
(5, 4, '144', '5.49', '32'),
(5, 5, '66', '9.67', '42'),
(5, 6, '107', '8.93', '39'),
(5, 7, '31', '3.70', '32'),
(5, 8, '7', '2.50', '44'),
(5, 9, '71', '2.74', '45'),
(5, 10, '211', '9.38', '37'),
(5, 11, '194', '3.08', '36'),
(5, 12, '248', '5.78', '45'),
(5, 13, '178', '1.07', '36'),
(5, 14, '147', '7.57', '37'),
(5, 15, '145', '8.86', '40'),
(5, 16, '170', '8.04', '30'),
(5, 17, '123', '1.35', '41'),
(5, 18, '131', '3.74', '42'),
(5, 19, '179', '9.37', '39'),
(5, 20, '128', '8.46', '33');

-- --------------------------------------------------------

--
-- Estrutura da tabela `produtofatura`
--

CREATE TABLE `produtofatura` (
  `idproduto` int(11) NOT NULL,
  `idfatura` int(11) NOT NULL,
  `quantidade` varchar(45) NOT NULL
) ENGINE=InnoDB DEFAULT CHARSET=utf8;

--
-- Extraindo dados da tabela `produtofatura`
--

INSERT INTO `produtofatura` (`idproduto`, `idfatura`, `quantidade`) VALUES
(1, 11, '4'),
(1, 22, '3'),
(1, 49, '5'),
(1, 72, '3'),
(1, 82, '3'),
(1, 85, '4'),
(1, 99, '3'),
(1, 111, '3'),
(1, 112, '3'),
(1, 132, '5'),
(1, 133, '2'),
(1, 136, '1'),
(1, 141, '4'),
(1, 154, '2'),
(1, 158, '1'),
(1, 173, '1'),
(1, 183, '2'),
(1, 189, '5'),
(1, 212, '4'),
(1, 214, '2'),
(1, 216, '3'),
(1, 219, '5'),
(1, 231, '4'),
(1, 238, '1'),
(1, 292, '1'),
(1, 312, '4'),
(1, 327, '1'),
(1, 345, '3'),
(1, 346, '2'),
(1, 355, '1'),
(1, 358, '3'),
(1, 362, '2'),
(1, 371, '4'),
(1, 373, '4'),
(1, 377, '2'),
(1, 383, '3'),
(1, 389, '3'),
(1, 411, '2'),
(1, 412, '2'),
(1, 413, '4'),
(1, 419, '1'),
(1, 433, '5'),
(1, 461, '2'),
(1, 469, '4'),
(1, 479, '2'),
(1, 514, '2'),
(1, 518, '5'),
(1, 519, '4'),
(1, 548, '4'),
(1, 556, '5'),
(1, 558, '4'),
(1, 582, '4'),
(1, 588, '4'),
(1, 591, '2'),
(1, 598, '2'),
(1, 599, '1'),
(1, 617, '5'),
(1, 627, '3'),
(1, 642, '2'),
(1, 652, '5'),
(1, 695, '3'),
(1, 711, '5'),
(1, 746, '4'),
(1, 747, '1'),
(1, 766, '1'),
(1, 771, '3'),
(1, 797, '4'),
(1, 811, '1'),
(1, 821, '2'),
(1, 823, '2'),
(1, 825, '1'),
(1, 832, '5'),
(1, 841, '3'),
(1, 846, '3'),
(1, 848, '3'),
(1, 861, '3'),
(1, 879, '5'),
(1, 912, '1'),
(1, 918, '4'),
(1, 921, '5'),
(1, 946, '5'),
(1, 959, '4'),
(1, 981, '1'),
(1, 986, '3'),
(1, 991, '3'),
(1, 993, '5'),
(2, 9, '3'),
(2, 33, '1'),
(2, 67, '3'),
(2, 96, '5'),
(2, 141, '5'),
(2, 148, '2'),
(2, 161, '4'),
(2, 211, '5'),
(2, 214, '3'),
(2, 235, '5'),
(2, 266, '2'),
(2, 277, '1'),
(2, 294, '5'),
(2, 316, '5'),
(2, 366, '2'),
(2, 371, '1'),
(2, 381, '4'),
(2, 398, '4'),
(2, 411, '5'),
(2, 419, '1'),
(2, 454, '3'),
(2, 457, '2'),
(2, 463, '3'),
(2, 513, '3'),
(2, 562, '5'),
(2, 616, '3'),
(2, 619, '5'),
(2, 626, '1'),
(2, 672, '3'),
(2, 675, '2'),
(2, 715, '3'),
(2, 716, '2'),
(2, 762, '5'),
(2, 764, '3'),
(2, 822, '1'),
(2, 837, '4'),
(2, 844, '2'),
(2, 879, '4'),
(2, 911, '1'),
(2, 921, '1'),
(2, 927, '1'),
(2, 935, '3'),
(2, 937, '1'),
(2, 949, '3'),
(2, 952, '2'),
(2, 962, '4'),
(2, 969, '4'),
(2, 974, '1'),
(2, 981, '3'),
(2, 989, '5'),
(3, 9, '3'),
(3, 24, '4'),
(3, 41, '1'),
(3, 82, '5'),
(3, 111, '2'),
(3, 138, '3'),
(3, 139, '3'),
(3, 153, '5'),
(3, 161, '1'),
(3, 167, '1'),
(3, 214, '2'),
(3, 225, '4'),
(3, 231, '4'),
(3, 279, '1'),
(3, 355, '2'),
(3, 358, '4'),
(3, 365, '1'),
(3, 371, '3'),
(3, 413, '1'),
(3, 417, '2'),
(3, 427, '2'),
(3, 486, '2'),
(3, 492, '1'),
(3, 493, '3'),
(3, 494, '1'),
(3, 511, '4'),
(3, 551, '2'),
(3, 613, '3'),
(3, 629, '5'),
(3, 636, '2'),
(3, 642, '4'),
(3, 673, '4'),
(3, 681, '5'),
(3, 686, '4'),
(3, 688, '2'),
(3, 723, '3'),
(3, 815, '1'),
(3, 816, '2'),
(3, 849, '2'),
(3, 878, '4'),
(3, 918, '2'),
(3, 938, '5'),
(3, 989, '5'),
(4, 49, '1'),
(4, 56, '3'),
(4, 85, '4'),
(4, 87, '1'),
(4, 88, '2'),
(4, 152, '1'),
(4, 156, '1'),
(4, 214, '4'),
(4, 217, '4'),
(4, 242, '2'),
(4, 256, '3'),
(4, 258, '3'),
(4, 265, '3'),
(4, 268, '1'),
(4, 273, '4'),
(4, 291, '5'),
(4, 294, '2'),
(4, 312, '1'),
(4, 323, '3'),
(4, 342, '2'),
(4, 353, '4'),
(4, 354, '3'),
(4, 422, '3'),
(4, 431, '4'),
(4, 484, '4'),
(4, 513, '5'),
(4, 518, '5'),
(4, 521, '1'),
(4, 551, '2'),
(4, 619, '1'),
(4, 625, '2'),
(4, 678, '1'),
(4, 713, '4'),
(4, 731, '2'),
(4, 754, '3'),
(4, 797, '2'),
(4, 814, '5'),
(4, 816, '1'),
(4, 849, '1'),
(4, 911, '5'),
(4, 913, '5'),
(4, 915, '1'),
(4, 966, '5'),
(4, 979, '1'),
(4, 981, '1'),
(5, 4, '2'),
(5, 17, '4'),
(5, 31, '1'),
(5, 38, '5'),
(5, 51, '3'),
(5, 56, '5'),
(5, 111, '1'),
(5, 112, '5'),
(5, 175, '4'),
(5, 189, '4'),
(5, 192, '5'),
(5, 194, '5'),
(5, 219, '1'),
(5, 221, '4'),
(5, 225, '5'),
(5, 243, '4'),
(5, 262, '5'),
(5, 266, '5'),
(5, 295, '2'),
(5, 296, '5'),
(5, 317, '4'),
(5, 318, '3'),
(5, 323, '5'),
(5, 333, '2'),
(5, 348, '3'),
(5, 361, '5'),
(5, 411, '3'),
(5, 419, '3'),
(5, 432, '5'),
(5, 451, '5'),
(5, 457, '3'),
(5, 512, '3'),
(5, 534, '2'),
(5, 542, '4'),
(5, 577, '3'),
(5, 617, '3'),
(5, 618, '2'),
(5, 663, '3'),
(5, 674, '4'),
(5, 691, '4'),
(5, 714, '5'),
(5, 717, '2'),
(5, 719, '3'),
(5, 728, '4'),
(5, 746, '1'),
(5, 755, '2'),
(5, 811, '5'),
(5, 815, '3'),
(5, 816, '3'),
(5, 821, '4'),
(5, 862, '3'),
(5, 864, '1'),
(5, 871, '4'),
(5, 885, '1'),
(5, 893, '5'),
(5, 896, '1'),
(5, 922, '4'),
(5, 978, '5'),
(6, 41, '5'),
(6, 44, '5'),
(6, 62, '5'),
(6, 84, '4'),
(6, 88, '2'),
(6, 112, '2'),
(6, 115, '2'),
(6, 133, '2'),
(6, 165, '4'),
(6, 195, '3'),
(6, 198, '5'),
(6, 219, '4'),
(6, 247, '2'),
(6, 251, '4'),
(6, 291, '4'),
(6, 334, '4'),
(6, 335, '2'),
(6, 347, '5'),
(6, 357, '3'),
(6, 375, '4'),
(6, 395, '5'),
(6, 419, '1'),
(6, 512, '1'),
(6, 537, '2'),
(6, 561, '1'),
(6, 573, '1'),
(6, 592, '1'),
(6, 611, '2'),
(6, 614, '1'),
(6, 629, '2'),
(6, 664, '2'),
(6, 666, '5'),
(6, 693, '3'),
(6, 715, '3'),
(6, 731, '4'),
(6, 734, '4'),
(6, 739, '2'),
(6, 746, '3'),
(6, 778, '2'),
(6, 793, '3'),
(6, 812, '2'),
(6, 832, '3'),
(6, 838, '1'),
(6, 841, '5'),
(6, 849, '2'),
(6, 854, '3'),
(6, 871, '5'),
(6, 881, '3'),
(6, 891, '1'),
(6, 919, '4'),
(6, 941, '5'),
(6, 994, '5'),
(7, 15, '1'),
(7, 139, '2'),
(7, 169, '1'),
(7, 178, '5'),
(7, 181, '3'),
(7, 194, '3'),
(7, 196, '1'),
(7, 211, '4'),
(7, 217, '2'),
(7, 221, '5'),
(7, 227, '4'),
(7, 231, '2'),
(7, 235, '4'),
(7, 296, '2'),
(7, 318, '4'),
(7, 363, '3'),
(7, 428, '3'),
(7, 448, '2'),
(7, 487, '4'),
(7, 515, '1'),
(7, 551, '1'),
(7, 558, '2'),
(7, 575, '5'),
(7, 581, '3'),
(7, 597, '1'),
(7, 613, '3'),
(7, 647, '1'),
(7, 656, '4'),
(7, 685, '3'),
(7, 754, '1'),
(7, 756, '3'),
(7, 798, '1'),
(7, 876, '3'),
(7, 881, '1'),
(7, 935, '5'),
(7, 943, '5'),
(7, 999, '1'),
(8, 2, '4'),
(8, 11, '2'),
(8, 23, '2'),
(8, 29, '3'),
(8, 51, '2'),
(8, 56, '4'),
(8, 79, '3'),
(8, 112, '5'),
(8, 121, '1'),
(8, 143, '1'),
(8, 157, '2'),
(8, 166, '2'),
(8, 192, '1'),
(8, 243, '5'),
(8, 246, '1'),
(8, 257, '5'),
(8, 314, '4'),
(8, 322, '2'),
(8, 379, '4'),
(8, 415, '5'),
(8, 425, '1'),
(8, 449, '3'),
(8, 493, '2'),
(8, 498, '4'),
(8, 518, '5'),
(8, 546, '5'),
(8, 571, '2'),
(8, 594, '5'),
(8, 657, '2'),
(8, 695, '5'),
(8, 718, '4'),
(8, 773, '2'),
(8, 811, '1'),
(8, 819, '3'),
(8, 882, '5'),
(8, 886, '3'),
(8, 888, '1'),
(8, 931, '4'),
(8, 967, '3'),
(8, 993, '2'),
(9, 14, '4'),
(9, 25, '1'),
(9, 44, '2'),
(9, 57, '2'),
(9, 66, '4'),
(9, 84, '3'),
(9, 117, '5'),
(9, 118, '5'),
(9, 133, '2'),
(9, 221, '1'),
(9, 229, '1'),
(9, 238, '2'),
(9, 258, '3'),
(9, 266, '1'),
(9, 333, '5'),
(9, 371, '3'),
(9, 419, '1'),
(9, 421, '4'),
(9, 429, '4'),
(9, 441, '1'),
(9, 442, '1'),
(9, 444, '1'),
(9, 447, '1'),
(9, 478, '4'),
(9, 523, '5'),
(9, 527, '4'),
(9, 572, '3'),
(9, 624, '5'),
(9, 641, '1'),
(9, 645, '1'),
(9, 696, '3'),
(9, 715, '3'),
(9, 724, '2'),
(9, 725, '4'),
(9, 732, '2'),
(9, 748, '2'),
(9, 767, '1'),
(9, 778, '5'),
(9, 797, '1'),
(9, 885, '3'),
(9, 967, '2'),
(9, 971, '1'),
(9, 975, '1'),
(9, 978, '5'),
(9, 985, '3'),
(9, 995, '5'),
(11, 11, '5'),
(11, 16, '1'),
(11, 31, '5'),
(11, 43, '3'),
(11, 47, '1'),
(11, 58, '3'),
(11, 62, '5'),
(11, 73, '2'),
(11, 75, '2'),
(11, 79, '4'),
(11, 88, '1'),
(11, 111, '3'),
(11, 117, '5'),
(11, 118, '4'),
(11, 124, '1'),
(11, 125, '5'),
(11, 141, '1'),
(11, 147, '4'),
(11, 161, '1'),
(11, 165, '3'),
(11, 168, '5'),
(11, 176, '1'),
(11, 186, '2'),
(11, 211, '3'),
(11, 219, '4'),
(11, 233, '4'),
(11, 271, '4'),
(11, 289, '2'),
(11, 293, '3'),
(11, 315, '3'),
(11, 318, '4'),
(11, 337, '4'),
(11, 351, '1'),
(11, 376, '5'),
(11, 412, '1'),
(11, 413, '2'),
(11, 414, '4'),
(11, 421, '2'),
(11, 424, '3'),
(11, 434, '5'),
(11, 436, '1'),
(11, 462, '5'),
(11, 512, '4'),
(11, 517, '3'),
(11, 518, '1'),
(11, 519, '1'),
(11, 521, '3'),
(11, 535, '2'),
(11, 576, '2'),
(11, 577, '3'),
(11, 589, '3'),
(11, 596, '4'),
(11, 611, '4'),
(11, 614, '1'),
(11, 615, '2'),
(11, 629, '4'),
(11, 631, '1'),
(11, 644, '5'),
(11, 647, '2'),
(11, 659, '1'),
(11, 665, '4'),
(11, 668, '2'),
(11, 669, '3'),
(11, 677, '4'),
(11, 683, '5'),
(11, 711, '3'),
(11, 713, '5'),
(11, 746, '4'),
(11, 748, '4'),
(11, 771, '1'),
(11, 785, '5'),
(11, 786, '5'),
(11, 816, '1'),
(11, 822, '1'),
(11, 831, '5'),
(11, 835, '1'),
(11, 838, '1'),
(11, 865, '5'),
(11, 869, '2'),
(11, 872, '2'),
(11, 897, '5'),
(11, 911, '5'),
(11, 912, '4'),
(11, 916, '4'),
(11, 927, '2'),
(11, 944, '1'),
(11, 954, '4'),
(11, 967, '3'),
(11, 968, '1'),
(12, 39, '4'),
(12, 41, '5'),
(12, 67, '4'),
(12, 116, '3'),
(12, 128, '3'),
(12, 168, '2'),
(12, 169, '1'),
(12, 171, '2'),
(12, 191, '4'),
(12, 317, '2'),
(12, 321, '1'),
(12, 325, '4'),
(12, 362, '1'),
(12, 368, '2'),
(12, 398, '5'),
(12, 411, '2'),
(12, 449, '3'),
(12, 457, '1'),
(12, 511, '5'),
(12, 516, '2'),
(12, 524, '5'),
(12, 533, '5'),
(12, 545, '4'),
(12, 554, '5'),
(12, 591, '5'),
(12, 614, '2'),
(12, 619, '1'),
(12, 645, '5'),
(12, 646, '5'),
(12, 673, '3'),
(12, 721, '4'),
(12, 745, '4'),
(12, 778, '4'),
(12, 782, '4'),
(12, 815, '3'),
(12, 819, '5'),
(12, 821, '4'),
(12, 829, '1'),
(12, 869, '3'),
(12, 913, '5'),
(12, 979, '3'),
(12, 982, '4'),
(12, 988, '2'),
(12, 991, '4'),
(13, 3, '3'),
(13, 5, '2'),
(13, 21, '1'),
(13, 38, '2'),
(13, 49, '2'),
(13, 69, '5'),
(13, 71, '1'),
(13, 88, '5'),
(13, 114, '2'),
(13, 116, '2'),
(13, 121, '3'),
(13, 139, '2'),
(13, 181, '2'),
(13, 183, '3'),
(13, 193, '3'),
(13, 211, '5'),
(13, 222, '2'),
(13, 275, '2'),
(13, 317, '1'),
(13, 386, '3'),
(13, 388, '5'),
(13, 429, '1'),
(13, 437, '3'),
(13, 456, '2'),
(13, 471, '4'),
(13, 475, '1'),
(13, 479, '2'),
(13, 491, '2'),
(13, 519, '4'),
(13, 558, '4'),
(13, 562, '2'),
(13, 578, '3'),
(13, 614, '4'),
(13, 626, '4'),
(13, 641, '2'),
(13, 656, '1'),
(13, 712, '1'),
(13, 721, '4'),
(13, 734, '1'),
(13, 787, '3'),
(13, 911, '5'),
(13, 919, '4'),
(13, 931, '5'),
(13, 992, '1'),
(14, 13, '3'),
(14, 26, '5'),
(14, 33, '3'),
(14, 67, '3'),
(14, 73, '2'),
(14, 75, '2'),
(14, 89, '1'),
(14, 93, '3'),
(14, 141, '5'),
(14, 151, '5'),
(14, 183, '1'),
(14, 212, '2'),
(14, 261, '4'),
(14, 282, '4'),
(14, 312, '2'),
(14, 336, '3'),
(14, 361, '2'),
(14, 413, '4'),
(14, 425, '1'),
(14, 431, '4'),
(14, 451, '1'),
(14, 516, '1'),
(14, 527, '4'),
(14, 565, '2'),
(14, 583, '3'),
(14, 584, '4'),
(14, 618, '4'),
(14, 644, '2'),
(14, 675, '4'),
(14, 685, '4'),
(14, 713, '4'),
(14, 759, '2'),
(14, 783, '4'),
(14, 788, '4'),
(14, 811, '2'),
(14, 832, '2'),
(14, 852, '5'),
(14, 886, '5'),
(14, 896, '1'),
(14, 913, '2'),
(14, 967, '5'),
(14, 981, '4'),
(15, 19, '3'),
(15, 61, '4'),
(15, 71, '2'),
(15, 95, '2'),
(15, 112, '4'),
(15, 129, '2'),
(15, 221, '3'),
(15, 223, '1'),
(15, 247, '3'),
(15, 313, '3'),
(15, 421, '2'),
(15, 423, '3'),
(15, 438, '1'),
(15, 456, '5'),
(15, 561, '4'),
(15, 573, '4'),
(15, 581, '5'),
(15, 587, '1'),
(15, 613, '3'),
(15, 616, '3'),
(15, 617, '5'),
(15, 642, '5'),
(15, 661, '1'),
(15, 678, '3'),
(15, 711, '3'),
(15, 749, '5'),
(15, 766, '3'),
(15, 791, '4'),
(15, 818, '4'),
(15, 856, '2'),
(15, 861, '2'),
(15, 866, '4'),
(15, 892, '5'),
(15, 914, '3'),
(15, 919, '2'),
(15, 923, '4'),
(15, 925, '2'),
(15, 927, '2'),
(15, 945, '4'),
(15, 953, '4'),
(15, 971, '2'),
(16, 28, '2'),
(16, 64, '1'),
(16, 66, '4'),
(16, 93, '4'),
(16, 115, '1'),
(16, 215, '2'),
(16, 221, '3'),
(16, 241, '3'),
(16, 277, '1'),
(16, 286, '2'),
(16, 332, '5'),
(16, 333, '3'),
(16, 339, '5'),
(16, 353, '5'),
(16, 354, '3'),
(16, 371, '4'),
(16, 395, '5'),
(16, 445, '2'),
(16, 481, '3'),
(16, 485, '4'),
(16, 491, '2'),
(16, 515, '5'),
(16, 527, '3'),
(16, 533, '5'),
(16, 544, '5'),
(16, 552, '5'),
(16, 554, '2'),
(16, 622, '4'),
(16, 627, '2'),
(16, 663, '3'),
(16, 676, '2'),
(16, 678, '1'),
(16, 723, '3'),
(16, 763, '3'),
(16, 778, '5'),
(16, 781, '5'),
(16, 854, '5'),
(16, 864, '5'),
(16, 885, '3'),
(16, 915, '1'),
(16, 916, '3'),
(16, 928, '2'),
(16, 936, '3'),
(16, 961, '4'),
(16, 975, '5'),
(16, 981, '4'),
(16, 987, '3'),
(16, 988, '4'),
(17, 21, '4'),
(17, 75, '3'),
(17, 112, '5'),
(17, 113, '3'),
(17, 137, '2'),
(17, 172, '4'),
(17, 181, '4'),
(17, 193, '5'),
(17, 198, '5'),
(17, 216, '4'),
(17, 236, '1'),
(17, 273, '4'),
(17, 283, '3'),
(17, 299, '3'),
(17, 353, '1'),
(17, 395, '1'),
(17, 413, '3'),
(17, 432, '2'),
(17, 467, '4'),
(17, 511, '1'),
(17, 513, '2'),
(17, 538, '2'),
(17, 544, '2'),
(17, 561, '5'),
(17, 564, '2'),
(17, 568, '1'),
(17, 619, '2'),
(17, 633, '5'),
(17, 646, '1'),
(17, 656, '5'),
(17, 665, '1'),
(17, 669, '5'),
(17, 711, '1'),
(17, 741, '2'),
(17, 852, '3'),
(17, 865, '3'),
(17, 873, '5'),
(17, 875, '4'),
(17, 892, '1'),
(17, 911, '2'),
(17, 913, '3'),
(17, 919, '4'),
(17, 932, '4'),
(17, 958, '4'),
(18, 35, '1'),
(18, 47, '5'),
(18, 115, '1'),
(18, 129, '1'),
(18, 142, '2'),
(18, 181, '3'),
(18, 195, '2'),
(18, 285, '1'),
(18, 293, '1'),
(18, 348, '1'),
(18, 383, '1'),
(18, 414, '2'),
(18, 419, '2'),
(18, 441, '4'),
(18, 464, '1'),
(18, 469, '1'),
(18, 494, '1'),
(18, 518, '2'),
(18, 553, '1'),
(18, 618, '2'),
(18, 657, '2'),
(18, 663, '5'),
(18, 671, '3'),
(18, 699, '3'),
(18, 714, '1'),
(18, 716, '1'),
(18, 718, '3'),
(18, 721, '2'),
(18, 782, '4'),
(18, 832, '3'),
(18, 844, '2'),
(18, 913, '5'),
(18, 929, '4'),
(18, 942, '4'),
(18, 989, '4'),
(19, 7, '4'),
(19, 18, '4'),
(19, 23, '5'),
(19, 48, '2'),
(19, 64, '1'),
(19, 67, '2'),
(19, 77, '4'),
(19, 119, '4'),
(19, 132, '4'),
(19, 136, '1'),
(19, 165, '5'),
(19, 192, '3'),
(19, 213, '4'),
(19, 217, '4'),
(19, 225, '2'),
(19, 228, '2'),
(19, 242, '2'),
(19, 255, '5'),
(19, 269, '2'),
(19, 284, '2'),
(19, 298, '2'),
(19, 329, '4'),
(19, 331, '2'),
(19, 336, '3'),
(19, 345, '3'),
(19, 355, '4'),
(19, 412, '5'),
(19, 418, '4'),
(19, 443, '3'),
(19, 455, '1'),
(19, 467, '2'),
(19, 469, '2'),
(19, 478, '5'),
(19, 521, '3'),
(19, 571, '5'),
(19, 584, '5'),
(19, 588, '3'),
(19, 593, '4'),
(19, 666, '4'),
(19, 711, '1'),
(19, 744, '5'),
(19, 751, '5'),
(19, 754, '1'),
(19, 771, '5'),
(19, 834, '4'),
(19, 846, '1'),
(19, 851, '2'),
(19, 875, '1'),
(19, 894, '5'),
(19, 934, '5'),
(19, 991, '1');

--
-- Índices para tabelas despejadas
--

--
-- Índices para tabela `avaliacao`
--
ALTER TABLE `avaliacao`
  ADD PRIMARY KEY (`idavaliacao`),
  ADD KEY `fk_avaliacao_cliente1_idx` (`cod_cliente`),
  ADD KEY `fk_avaliacao_espacoAlimentar1_idx` (`idespacoAlimentar`);

--
-- Índices para tabela `categoriaprato`
--
ALTER TABLE `categoriaprato`
  ADD PRIMARY KEY (`idcategoriaPrato`);

--
-- Índices para tabela `categoriaproduto`
--
ALTER TABLE `categoriaproduto`
  ADD PRIMARY KEY (`idcategoriaProduto`);

--
-- Índices para tabela `cliente`
--
ALTER TABLE `cliente`
  ADD PRIMARY KEY (`cod_cliente`),
  ADD UNIQUE KEY `idClientes_UNIQUE` (`cod_cliente`);

--
-- Índices para tabela `espacoalimentar`
--
ALTER TABLE `espacoalimentar`
  ADD PRIMARY KEY (`idespacoAlimentar`),
  ADD UNIQUE KEY `idespacoAlimentar_UNIQUE` (`idespacoAlimentar`),
  ADD KEY `fk_espacoAlimentar_instituto1_idx` (`idinstituto`);

--
-- Índices para tabela `espacoalimentar_encomenda_fornecedor`
--
ALTER TABLE `espacoalimentar_encomenda_fornecedor`
  ADD PRIMARY KEY (`idespacoAlimentar`,`idfornecedor`),
  ADD KEY `fk_espacoAlimentar_has_fornecedor_fornecedor1_idx` (`idfornecedor`),
  ADD KEY `fk_espacoAlimentar_has_fornecedor_espacoAlimentar1_idx` (`idespacoAlimentar`);

--
-- Índices para tabela `fatura`
--
ALTER TABLE `fatura`
  ADD PRIMARY KEY (`idfatura`),
  ADD KEY `fk_fatura_cliente2_idx` (`cod_cliente`),
  ADD KEY `fk_fatura_funcionario2_idx` (`idfuncionario`);

--
-- Índices para tabela `fornecedor`
--
ALTER TABLE `fornecedor`
  ADD PRIMARY KEY (`idfornecedor`),
  ADD UNIQUE KEY `nome_UNIQUE` (`nome`);

--
-- Índices para tabela `fornecedor_has_produto`
--
ALTER TABLE `fornecedor_has_produto`
  ADD PRIMARY KEY (`fornecedor_idfornecedor`,`produto_idproduto`),
  ADD KEY `fk_fornecedor_has_produto_produto1_idx` (`produto_idproduto`),
  ADD KEY `fk_fornecedor_has_produto_fornecedor1_idx` (`fornecedor_idfornecedor`);

--
-- Índices para tabela `funcionario`
--
ALTER TABLE `funcionario`
  ADD PRIMARY KEY (`idfuncionario`),
  ADD UNIQUE KEY `idfuncionario_UNIQUE` (`idfuncionario`),
  ADD KEY `fk_funcionario_espacoAlimentar1_idx` (`idespacoAlimentar`);

--
-- Índices para tabela `instituto`
--
ALTER TABLE `instituto`
  ADD PRIMARY KEY (`idinstituto`),
  ADD UNIQUE KEY `idinstituto_UNIQUE` (`idinstituto`);

--
-- Índices para tabela `prato`
--
ALTER TABLE `prato`
  ADD PRIMARY KEY (`idprato`),
  ADD KEY `fk_prato_categoriaPrato1_idx` (`idcategoriaPrato`);

--
-- Índices para tabela `pratoespacoalimentar`
--
ALTER TABLE `pratoespacoalimentar`
  ADD PRIMARY KEY (`idespacoAlimentar`,`idprato`),
  ADD KEY `fk_espacoAlimentar_has_prato_prato1_idx` (`idprato`),
  ADD KEY `fk_espacoAlimentar_has_prato_espacoAlimentar1_idx` (`idespacoAlimentar`);

--
-- Índices para tabela `pratofatura`
--
ALTER TABLE `pratofatura`
  ADD PRIMARY KEY (`idfatura`,`idprato`),
  ADD KEY `fk_fatura_has_prato_prato1_idx` (`idprato`),
  ADD KEY `fk_fatura_has_prato_fatura1_idx` (`idfatura`);

--
-- Índices para tabela `produto`
--
ALTER TABLE `produto`
  ADD PRIMARY KEY (`idproduto`),
  ADD KEY `fk_produto_categoria1_idx` (`idcategoria`);

--
-- Índices para tabela `produtoespacoalimentar`
--
ALTER TABLE `produtoespacoalimentar`
  ADD PRIMARY KEY (`idespacoAlimentar`,`idproduto`),
  ADD KEY `fk_espacoAlimentar_has_produto_produto1_idx` (`idproduto`),
  ADD KEY `fk_espacoAlimentar_has_produto_espacoAlimentar1_idx` (`idespacoAlimentar`);

--
-- Índices para tabela `produtofatura`
--
ALTER TABLE `produtofatura`
  ADD PRIMARY KEY (`idproduto`,`idfatura`),
  ADD KEY `fk_produto_has_fatura_fatura1_idx` (`idfatura`),
  ADD KEY `fk_produto_has_fatura_produto1_idx` (`idproduto`);

--
-- AUTO_INCREMENT de tabelas despejadas
--

--
-- AUTO_INCREMENT de tabela `avaliacao`
--
ALTER TABLE `avaliacao`
  MODIFY `idavaliacao` int(11) NOT NULL AUTO_INCREMENT, AUTO_INCREMENT=1001;

--
-- AUTO_INCREMENT de tabela `categoriaprato`
--
ALTER TABLE `categoriaprato`
  MODIFY `idcategoriaPrato` int(11) NOT NULL AUTO_INCREMENT, AUTO_INCREMENT=9;

--
-- AUTO_INCREMENT de tabela `cliente`
--
ALTER TABLE `cliente`
  MODIFY `cod_cliente` int(11) NOT NULL AUTO_INCREMENT, AUTO_INCREMENT=102;

--
-- AUTO_INCREMENT de tabela `espacoalimentar`
--
ALTER TABLE `espacoalimentar`
  MODIFY `idespacoAlimentar` int(11) NOT NULL AUTO_INCREMENT, AUTO_INCREMENT=6;

--
-- AUTO_INCREMENT de tabela `fatura`
--
ALTER TABLE `fatura`
  MODIFY `idfatura` int(11) NOT NULL AUTO_INCREMENT, AUTO_INCREMENT=1001;

--
-- AUTO_INCREMENT de tabela `fornecedor`
--
ALTER TABLE `fornecedor`
  MODIFY `idfornecedor` int(11) NOT NULL AUTO_INCREMENT, AUTO_INCREMENT=21;

--
-- AUTO_INCREMENT de tabela `funcionario`
--
ALTER TABLE `funcionario`
  MODIFY `idfuncionario` int(11) NOT NULL AUTO_INCREMENT, AUTO_INCREMENT=51;

--
-- AUTO_INCREMENT de tabela `instituto`
--
ALTER TABLE `instituto`
  MODIFY `idinstituto` int(11) NOT NULL AUTO_INCREMENT, AUTO_INCREMENT=6;

--
-- AUTO_INCREMENT de tabela `prato`
--
ALTER TABLE `prato`
  MODIFY `idprato` int(11) NOT NULL AUTO_INCREMENT, AUTO_INCREMENT=26;

--
-- AUTO_INCREMENT de tabela `produto`
--
ALTER TABLE `produto`
  MODIFY `idproduto` int(11) NOT NULL AUTO_INCREMENT, AUTO_INCREMENT=21;

--
-- Restrições para despejos de tabelas
--

--
-- Limitadores para a tabela `avaliacao`
--
ALTER TABLE `avaliacao`
  ADD CONSTRAINT `fk_avaliacao_cliente1` FOREIGN KEY (`cod_cliente`) REFERENCES `cliente` (`cod_cliente`) ON DELETE NO ACTION ON UPDATE NO ACTION,
  ADD CONSTRAINT `fk_avaliacao_espacoAlimentar1` FOREIGN KEY (`idespacoAlimentar`) REFERENCES `espacoalimentar` (`idespacoAlimentar`) ON DELETE NO ACTION ON UPDATE NO ACTION;

--
-- Limitadores para a tabela `espacoalimentar`
--
ALTER TABLE `espacoalimentar`
  ADD CONSTRAINT `fk_espacoAlimentar_instituto1` FOREIGN KEY (`idinstituto`) REFERENCES `instituto` (`idinstituto`) ON DELETE NO ACTION ON UPDATE NO ACTION;

--
-- Limitadores para a tabela `espacoalimentar_encomenda_fornecedor`
--
ALTER TABLE `espacoalimentar_encomenda_fornecedor`
  ADD CONSTRAINT `fk_espacoAlimentar_has_fornecedor_espacoAlimentar1` FOREIGN KEY (`idespacoAlimentar`) REFERENCES `espacoalimentar` (`idespacoAlimentar`) ON DELETE NO ACTION ON UPDATE NO ACTION,
  ADD CONSTRAINT `fk_espacoAlimentar_has_fornecedor_fornecedor1` FOREIGN KEY (`idfornecedor`) REFERENCES `fornecedor` (`idfornecedor`) ON DELETE NO ACTION ON UPDATE NO ACTION;

--
-- Limitadores para a tabela `fatura`
--
ALTER TABLE `fatura`
  ADD CONSTRAINT `fk_fatura_cliente2` FOREIGN KEY (`cod_cliente`) REFERENCES `cliente` (`cod_cliente`) ON DELETE NO ACTION ON UPDATE NO ACTION,
  ADD CONSTRAINT `fk_fatura_funcionario2` FOREIGN KEY (`idfuncionario`) REFERENCES `funcionario` (`idfuncionario`) ON DELETE NO ACTION ON UPDATE NO ACTION;

--
-- Limitadores para a tabela `fornecedor_has_produto`
--
ALTER TABLE `fornecedor_has_produto`
  ADD CONSTRAINT `fk_fornecedor_has_produto_fornecedor1` FOREIGN KEY (`fornecedor_idfornecedor`) REFERENCES `fornecedor` (`idfornecedor`) ON DELETE NO ACTION ON UPDATE NO ACTION,
  ADD CONSTRAINT `fk_fornecedor_has_produto_produto1` FOREIGN KEY (`produto_idproduto`) REFERENCES `produto` (`idproduto`) ON DELETE NO ACTION ON UPDATE NO ACTION;

--
-- Limitadores para a tabela `funcionario`
--
ALTER TABLE `funcionario`
  ADD CONSTRAINT `fk_funcionario_espacoAlimentar1` FOREIGN KEY (`idespacoAlimentar`) REFERENCES `espacoalimentar` (`idespacoAlimentar`) ON DELETE NO ACTION ON UPDATE NO ACTION;

--
-- Limitadores para a tabela `prato`
--
ALTER TABLE `prato`
  ADD CONSTRAINT `fk_prato_categoriaPrato1` FOREIGN KEY (`idcategoriaPrato`) REFERENCES `categoriaprato` (`idcategoriaPrato`) ON DELETE NO ACTION ON UPDATE NO ACTION;

--
-- Limitadores para a tabela `pratoespacoalimentar`
--
ALTER TABLE `pratoespacoalimentar`
  ADD CONSTRAINT `fk_espacoAlimentar_has_prato_espacoAlimentar1` FOREIGN KEY (`idespacoAlimentar`) REFERENCES `espacoalimentar` (`idespacoAlimentar`) ON DELETE NO ACTION ON UPDATE NO ACTION,
  ADD CONSTRAINT `fk_espacoAlimentar_has_prato_prato1` FOREIGN KEY (`idprato`) REFERENCES `prato` (`idprato`) ON DELETE NO ACTION ON UPDATE NO ACTION;

--
-- Limitadores para a tabela `pratofatura`
--
ALTER TABLE `pratofatura`
  ADD CONSTRAINT `fk_fatura_has_prato_fatura1` FOREIGN KEY (`idfatura`) REFERENCES `fatura` (`idfatura`) ON DELETE NO ACTION ON UPDATE NO ACTION,
  ADD CONSTRAINT `fk_fatura_has_prato_prato1` FOREIGN KEY (`idprato`) REFERENCES `prato` (`idprato`) ON DELETE NO ACTION ON UPDATE NO ACTION;

--
-- Limitadores para a tabela `produto`
--
ALTER TABLE `produto`
  ADD CONSTRAINT `fk_produto_categoria1` FOREIGN KEY (`idcategoria`) REFERENCES `categoriaproduto` (`idcategoriaProduto`) ON DELETE NO ACTION ON UPDATE NO ACTION;

--
-- Limitadores para a tabela `produtoespacoalimentar`
--
ALTER TABLE `produtoespacoalimentar`
  ADD CONSTRAINT `fk_espacoAlimentar_has_produto_espacoAlimentar1` FOREIGN KEY (`idespacoAlimentar`) REFERENCES `espacoalimentar` (`idespacoAlimentar`) ON DELETE NO ACTION ON UPDATE NO ACTION,
  ADD CONSTRAINT `fk_espacoAlimentar_has_produto_produto1` FOREIGN KEY (`idproduto`) REFERENCES `produto` (`idproduto`) ON DELETE NO ACTION ON UPDATE NO ACTION;

--
-- Limitadores para a tabela `produtofatura`
--
ALTER TABLE `produtofatura`
  ADD CONSTRAINT `fk_produto_has_fatura_fatura1` FOREIGN KEY (`idfatura`) REFERENCES `fatura` (`idfatura`) ON DELETE NO ACTION ON UPDATE NO ACTION,
  ADD CONSTRAINT `fk_produto_has_fatura_produto1` FOREIGN KEY (`idproduto`) REFERENCES `produto` (`idproduto`) ON DELETE NO ACTION ON UPDATE NO ACTION;
COMMIT;

/*!40101 SET CHARACTER_SET_CLIENT=@OLD_CHARACTER_SET_CLIENT */;
/*!40101 SET CHARACTER_SET_RESULTS=@OLD_CHARACTER_SET_RESULTS */;
/*!40101 SET COLLATION_CONNECTION=@OLD_COLLATION_CONNECTION */;
